[6812:31584:0602/210654.977:WARNING:chrome_main_delegate.cc(745)] This is Chrome version 128.0.6613.138 (not a warning)
[6812:31584:0602/210656.028:WARNING:account_consistency_mode_manager.cc(77)] Desktop Identity Consistency cannot be enabled as no OAuth client ID and client secret have been configured.
[6812:31584:0602/210745.663:ERROR:device_event_log_impl.cc(196)] [21:07:45.655] USB: usb_service_win.cc:105 SetupDiGetDeviceProperty({{A45C254E-DF1C-4EFD-8020-67D146A850E0}, 6}) failed: No se ha encontrado el elemento. (0x490)
[6812:28116:0602/210746.316:ERROR:cast_crl.cc(443)] CRL - Verification failed.
[6812:31584:0602/210747.938:ERROR:browser_info_manager.cc(781)] Timeout of new browser info response for frame 6-CFF44BCB3B7386466D0BFC82CE191F8E (has_rfh=1)
[29736:16584:0602/210748.026:WARNING:frame_impl.cc(430)] virtual CefFrameImpl::SendProcessMessage sent to detached frame 5-EB39304C3669806480F93D78A9E1FE33 will be ignored
[6812:28116:0602/215033.376:VERBOSE1:media_stream_manager.cc(1533)] MSPL::OnSpeedLimitChange({this=000062C40012ED40}, {new_limit=11})
[6812:28116:0602/215034.374:VERBOSE1:media_stream_manager.cc(1533)] MSPL::OnSpeedLimitChange({this=000062C40012ED40}, {new_limit=12})
[6812:28116:0602/215036.420:VERBOSE1:media_stream_manager.cc(1533)] MSPL::OnSpeedLimitChange({this=000062C40012ED40}, {new_limit=13})
[6812:28116:0602/215037.396:VERBOSE1:media_stream_manager.cc(1533)] MSPL::OnSpeedLimitChange({this=000062C40012ED40}, {new_limit=14})
[6812:28116:0602/215038.387:VERBOSE1:media_stream_manager.cc(1533)] MSPL::OnSpeedLimitChange({this=000062C40012ED40}, {new_limit=15})
[6812:28116:0602/215039.403:VERBOSE1:media_stream_manager.cc(1533)] MSPL::OnSpeedLimitChange({this=000062C40012ED40}, {new_limit=16})
[6812:28116:0602/215041.395:VERBOSE1:media_stream_manager.cc(1533)] MSPL::OnSpeedLimitChange({this=000062C40012ED40}, {new_limit=17})
[6812:28116:0602/215043.399:VERBOSE1:media_stream_manager.cc(1533)] MSPL::OnSpeedLimitChange({this=000062C40012ED40}, {new_limit=18})
[6812:28116:0602/215052.282:VERBOSE1:media_stream_manager.cc(1533)] MSPL::OnSpeedLimitChange({this=000062C40012ED40}, {new_limit=19})
[6812:28116:0602/215052.282:VERBOSE1:media_stream_manager.cc(1533)] MSPL::OnSpeedLimitChange({this=000062C40012ED40}, {new_limit=21})
[6812:28116:0602/215052.282:VERBOSE1:media_stream_manager.cc(1533)] MSPL::OnSpeedLimitChange({this=000062C40012ED40}, {new_limit=23})
[6812:28116:0602/215052.282:VERBOSE1:media_stream_manager.cc(1533)] MSPL::OnSpeedLimitChange({this=000062C40012ED40}, {new_limit=24})
[6812:28116:0602/215052.282:VERBOSE1:media_stream_manager.cc(1533)] MSPL::OnSpeedLimitChange({this=000062C40012ED40}, {new_limit=25})
[6812:28116:0602/215055.405:VERBOSE1:media_stream_manager.cc(1533)] MSPL::OnSpeedLimitChange({this=000062C40012ED40}, {new_limit=24})
[6812:28116:0602/215056.390:VERBOSE1:media_stream_manager.cc(1533)] MSPL::OnSpeedLimitChange({this=000062C40012ED40}, {new_limit=23})
[6812:28116:0602/215057.403:VERBOSE1:media_stream_manager.cc(1533)] MSPL::OnSpeedLimitChange({this=000062C40012ED40}, {new_limit=22})
[6812:28116:0602/215058.414:VERBOSE1:media_stream_manager.cc(1533)] MSPL::OnSpeedLimitChange({this=000062C40012ED40}, {new_limit=21})
[6812:28116:0602/215100.414:VERBOSE1:media_stream_manager.cc(1533)] MSPL::OnSpeedLimitChange({this=000062C40012ED40}, {new_limit=20})
[9028:13340:0602/215101.308:VERBOSE1:network_delegate.cc(36)] NetworkDelegate::NotifyBeforeURLRequest: https://optimizationguide-pa.googleapis.com/v1:GetModels?key=dummytoken
[9028:13340:0602/215101.326:VERBOSE1:tls_handshaker.cc(105)] TlsClient: Continuing handshake
[9028:13340:0602/215101.328:VERBOSE1:tls_handshaker.cc(126)] TlsClient: SSL_do_handshake returned when entering early data. After retry, rv=-1, SSL_in_early_data=1
[9028:13340:0602/215101.370:VERBOSE1:tls_handshaker.cc(105)] TlsClient: Continuing handshake
[9028:13340:0602/215101.370:VERBOSE1:tls_handshaker.cc(105)] TlsClient: Continuing handshake
[9028:13340:0602/215101.370:VERBOSE1:tls_client_handshaker.cc(528)] Client: handshake finished
[6812:28116:0602/215101.397:VERBOSE1:media_stream_manager.cc(1533)] MSPL::OnSpeedLimitChange({this=000062C40012ED40}, {new_limit=19})
[6812:28116:0602/215102.407:VERBOSE1:media_stream_manager.cc(1533)] MSPL::OnSpeedLimitChange({this=000062C40012ED40}, {new_limit=18})
[6812:28116:0602/215104.405:VERBOSE1:media_stream_manager.cc(1533)] MSPL::OnSpeedLimitChange({this=000062C40012ED40}, {new_limit=17})
[6812:28116:0602/215109.400:VERBOSE1:media_stream_manager.cc(1533)] MSPL::OnSpeedLimitChange({this=000062C40012ED40}, {new_limit=16})
[6812:28116:0602/215117.417:VERBOSE1:media_stream_manager.cc(1533)] MSPL::OnSpeedLimitChange({this=000062C40012ED40}, {new_limit=17})
[6812:28116:0602/215122.420:VERBOSE1:media_stream_manager.cc(1533)] MSPL::OnSpeedLimitChange({this=000062C40012ED40}, {new_limit=18})
[6812:28116:0602/215128.414:VERBOSE1:media_stream_manager.cc(1533)] MSPL::OnSpeedLimitChange({this=000062C40012ED40}, {new_limit=19})
[6812:28116:0602/215130.432:VERBOSE1:media_stream_manager.cc(1533)] MSPL::OnSpeedLimitChange({this=000062C40012ED40}, {new_limit=18})
[6812:28116:0602/215133.428:VERBOSE1:media_stream_manager.cc(1533)] MSPL::OnSpeedLimitChange({this=000062C40012ED40}, {new_limit=17})
[6812:28116:0602/215142.425:VERBOSE1:media_stream_manager.cc(1533)] MSPL::OnSpeedLimitChange({this=000062C40012ED40}, {new_limit=18})
[6812:28116:0602/215144.446:VERBOSE1:media_stream_manager.cc(1533)] MSPL::OnSpeedLimitChange({this=000062C40012ED40}, {new_limit=19})
[6812:28116:0602/215149.432:VERBOSE1:media_stream_manager.cc(1533)] MSPL::OnSpeedLimitChange({this=000062C40012ED40}, {new_limit=20})
[6812:28116:0602/215203.455:VERBOSE1:media_stream_manager.cc(1533)] MSPL::OnSpeedLimitChange({this=000062C40012ED40}, {new_limit=19})
[6812:28116:0602/215208.449:VERBOSE1:media_stream_manager.cc(1533)] MSPL::OnSpeedLimitChange({this=000062C40012ED40}, {new_limit=18})
[6812:28116:0602/215211.448:VERBOSE1:media_stream_manager.cc(1533)] MSPL::OnSpeedLimitChange({this=000062C40012ED40}, {new_limit=19})
[6812:28116:0602/215212.448:VERBOSE1:media_stream_manager.cc(1533)] MSPL::OnSpeedLimitChange({this=000062C40012ED40}, {new_limit=18})
[6812:28116:0602/215214.454:VERBOSE1:media_stream_manager.cc(1533)] MSPL::OnSpeedLimitChange({this=000062C40012ED40}, {new_limit=19})
[6812:28116:0602/215221.477:VERBOSE1:media_stream_manager.cc(1533)] MSPL::OnSpeedLimitChange({this=000062C40012ED40}, {new_limit=18})
[6812:28116:0602/215222.482:VERBOSE1:media_stream_manager.cc(1533)] MSPL::OnSpeedLimitChange({this=000062C40012ED40}, {new_limit=19})
[6812:28116:0602/215230.463:VERBOSE1:media_stream_manager.cc(1533)] MSPL::OnSpeedLimitChange({this=000062C40012ED40}, {new_limit=20})
[6812:28116:0602/215236.479:VERBOSE1:media_stream_manager.cc(1533)] MSPL::OnSpeedLimitChange({this=000062C40012ED40}, {new_limit=19})
[6812:28116:0602/215237.476:VERBOSE1:media_stream_manager.cc(1533)] MSPL::OnSpeedLimitChange({this=000062C40012ED40}, {new_limit=20})
[6812:28116:0602/215238.473:VERBOSE1:media_stream_manager.cc(1533)] MSPL::OnSpeedLimitChange({this=000062C40012ED40}, {new_limit=19})
[6812:28116:0602/215239.474:VERBOSE1:media_stream_manager.cc(1533)] MSPL::OnSpeedLimitChange({this=000062C40012ED40}, {new_limit=20})
[6812:28116:0602/215240.492:VERBOSE1:media_stream_manager.cc(1533)] MSPL::OnSpeedLimitChange({this=000062C40012ED40}, {new_limit=19})
[6812:28116:0602/215241.499:VERBOSE1:media_stream_manager.cc(1533)] MSPL::OnSpeedLimitChange({this=000062C40012ED40}, {new_limit=20})
[6812:28116:0602/215243.475:VERBOSE1:media_stream_manager.cc(1533)] MSPL::OnSpeedLimitChange({this=000062C40012ED40}, {new_limit=19})
[6812:28116:0602/215244.598:VERBOSE1:media_stream_manager.cc(1533)] MSPL::OnSpeedLimitChange({this=000062C40012ED40}, {new_limit=20})
[6812:28116:0602/215246.599:VERBOSE1:media_stream_manager.cc(1533)] MSPL::OnSpeedLimitChange({this=000062C40012ED40}, {new_limit=21})
[6812:28116:0602/215247.612:VERBOSE1:media_stream_manager.cc(1533)] MSPL::OnSpeedLimitChange({this=000062C40012ED40}, {new_limit=22})
[6812:28116:0602/215248.609:VERBOSE1:media_stream_manager.cc(1533)] MSPL::OnSpeedLimitChange({this=000062C40012ED40}, {new_limit=23})
[6812:28116:0602/215250.596:VERBOSE1:media_stream_manager.cc(1533)] MSPL::OnSpeedLimitChange({this=000062C40012ED40}, {new_limit=24})
[6812:28116:0602/215251.601:VERBOSE1:media_stream_manager.cc(1533)] MSPL::OnSpeedLimitChange({this=000062C40012ED40}, {new_limit=25})
[6812:28116:0602/215253.601:VERBOSE1:media_stream_manager.cc(1533)] MSPL::OnSpeedLimitChange({this=000062C40012ED40}, {new_limit=26})
[6812:28116:0602/215255.604:VERBOSE1:media_stream_manager.cc(1533)] MSPL::OnSpeedLimitChange({this=000062C40012ED40}, {new_limit=27})
[6812:28116:0602/215259.606:VERBOSE1:media_stream_manager.cc(1533)] MSPL::OnSpeedLimitChange({this=000062C40012ED40}, {new_limit=26})
[6812:28116:0602/215300.597:VERBOSE1:media_stream_manager.cc(1533)] MSPL::OnSpeedLimitChange({this=000062C40012ED40}, {new_limit=27})
[6812:28116:0602/215301.603:VERBOSE1:media_stream_manager.cc(1533)] MSPL::OnSpeedLimitChange({this=000062C40012ED40}, {new_limit=26})
[6812:28116:0602/215303.601:VERBOSE1:media_stream_manager.cc(1533)] MSPL::OnSpeedLimitChange({this=000062C40012ED40}, {new_limit=27})
[6812:28116:0602/215305.605:VERBOSE1:media_stream_manager.cc(1533)] MSPL::OnSpeedLimitChange({this=000062C40012ED40}, {new_limit=26})
[6812:28116:0602/215313.604:VERBOSE1:media_stream_manager.cc(1533)] MSPL::OnSpeedLimitChange({this=000062C40012ED40}, {new_limit=27})
[6812:28116:0602/215333.610:VERBOSE1:media_stream_manager.cc(1533)] MSPL::OnSpeedLimitChange({this=000062C40012ED40}, {new_limit=26})
[6812:28116:0602/215334.608:VERBOSE1:media_stream_manager.cc(1533)] MSPL::OnSpeedLimitChange({this=000062C40012ED40}, {new_limit=27})
[6812:28116:0602/215337.614:VERBOSE1:media_stream_manager.cc(1533)] MSPL::OnSpeedLimitChange({this=000062C40012ED40}, {new_limit=26})
[6812:28116:0602/215339.612:VERBOSE1:media_stream_manager.cc(1533)] MSPL::OnSpeedLimitChange({this=000062C40012ED40}, {new_limit=27})
[6812:28116:0602/215340.614:VERBOSE1:media_stream_manager.cc(1533)] MSPL::OnSpeedLimitChange({this=000062C40012ED40}, {new_limit=26})
[6812:28116:0602/215341.622:VERBOSE1:media_stream_manager.cc(1533)] MSPL::OnSpeedLimitChange({this=000062C40012ED40}, {new_limit=27})
[9028:13340:0602/215349.957:VERBOSE1:network_delegate.cc(36)] NetworkDelegate::NotifyBeforeURLRequest: https://optimizationguide-pa.googleapis.com/v1:GetModels?key=dummytoken
[9028:13340:0602/215349.970:VERBOSE1:tls_handshaker.cc(105)] TlsClient: Continuing handshake
[9028:13340:0602/215349.971:VERBOSE1:tls_handshaker.cc(126)] TlsClient: SSL_do_handshake returned when entering early data. After retry, rv=-1, SSL_in_early_data=1
[9028:13340:0602/215350.007:VERBOSE1:tls_handshaker.cc(105)] TlsClient: Continuing handshake
[9028:13340:0602/215350.007:VERBOSE1:tls_handshaker.cc(105)] TlsClient: Continuing handshake
[9028:13340:0602/215350.007:VERBOSE1:tls_client_handshaker.cc(528)] Client: handshake finished
[6812:28116:0602/215415.624:VERBOSE1:media_stream_manager.cc(1533)] MSPL::OnSpeedLimitChange({this=000062C40012ED40}, {new_limit=26})
[6812:28116:0602/215416.623:VERBOSE1:media_stream_manager.cc(1533)] MSPL::OnSpeedLimitChange({this=000062C40012ED40}, {new_limit=27})
[6812:28116:0602/215419.623:VERBOSE1:media_stream_manager.cc(1533)] MSPL::OnSpeedLimitChange({this=000062C40012ED40}, {new_limit=26})
[6812:28116:0602/215421.629:VERBOSE1:media_stream_manager.cc(1533)] MSPL::OnSpeedLimitChange({this=000062C40012ED40}, {new_limit=27})
[6812:28116:0602/215427.630:VERBOSE1:media_stream_manager.cc(1533)] MSPL::OnSpeedLimitChange({this=000062C40012ED40}, {new_limit=26})
[6812:28116:0602/215443.634:VERBOSE1:media_stream_manager.cc(1533)] MSPL::OnSpeedLimitChange({this=000062C40012ED40}, {new_limit=27})
[6812:28116:0602/215445.630:VERBOSE1:media_stream_manager.cc(1533)] MSPL::OnSpeedLimitChange({this=000062C40012ED40}, {new_limit=26})
[6812:28116:0602/215446.634:VERBOSE1:media_stream_manager.cc(1533)] MSPL::OnSpeedLimitChange({this=000062C40012ED40}, {new_limit=27})
[6812:28116:0602/215514.636:VERBOSE1:media_stream_manager.cc(1533)] MSPL::OnSpeedLimitChange({this=000062C40012ED40}, {new_limit=26})
[6812:28116:0602/215523.634:VERBOSE1:media_stream_manager.cc(1533)] MSPL::OnSpeedLimitChange({this=000062C40012ED40}, {new_limit=27})
[6812:28116:0602/215533.636:VERBOSE1:media_stream_manager.cc(1533)] MSPL::OnSpeedLimitChange({this=000062C40012ED40}, {new_limit=26})
[6812:28116:0602/215545.633:VERBOSE1:media_stream_manager.cc(1533)] MSPL::OnSpeedLimitChange({this=000062C40012ED40}, {new_limit=27})
[6812:28116:0602/215608.644:VERBOSE1:media_stream_manager.cc(1533)] MSPL::OnSpeedLimitChange({this=000062C40012ED40}, {new_limit=26})
[6812:28116:0602/215609.644:VERBOSE1:media_stream_manager.cc(1533)] MSPL::OnSpeedLimitChange({this=000062C40012ED40}, {new_limit=27})
[9028:13340:0602/215649.651:VERBOSE1:network_delegate.cc(36)] NetworkDelegate::NotifyBeforeURLRequest: https://optimizationguide-pa.googleapis.com/v1:GetModels?key=dummytoken
[9028:13340:0602/215649.667:VERBOSE1:tls_handshaker.cc(105)] TlsClient: Continuing handshake
[9028:13340:0602/215649.668:VERBOSE1:tls_handshaker.cc(126)] TlsClient: SSL_do_handshake returned when entering early data. After retry, rv=-1, SSL_in_early_data=1
[9028:13340:0602/215649.710:VERBOSE1:tls_handshaker.cc(105)] TlsClient: Continuing handshake
[9028:13340:0602/215649.710:VERBOSE1:tls_handshaker.cc(105)] TlsClient: Continuing handshake
[9028:13340:0602/215649.711:VERBOSE1:tls_client_handshaker.cc(528)] Client: handshake finished
[6812:28116:0602/215738.991:VERBOSE1:media_stream_manager.cc(1533)] MSPL::OnSpeedLimitChange({this=000062C40012ED40}, {new_limit=26})
[6812:31584:0602/215739.450:VERBOSE1:device_event_log_impl.cc(198)] [21:57:39.450] Display: EVENT: screen_win.cc:893 Displays updated, count: 1
[6812:31584:0602/215739.450:VERBOSE1:device_event_log_impl.cc(198)] [21:57:39.450] Display: EVENT: screen_win.cc:895 Display[974124475] bounds=[0,0 1536x864], workarea=[0,0 1536x816], scale=1.25, rotation=0, panel_rotation=0 external detected
[6812:28116:0602/215740.881:VERBOSE1:media_stream_manager.cc(1533)] MSPL::OnSpeedLimitChange({this=000062C40012ED40}, {new_limit=25})
[6812:28116:0602/215744.891:VERBOSE1:media_stream_manager.cc(1533)] MSPL::OnSpeedLimitChange({this=000062C40012ED40}, {new_limit=24})
[6812:31584:0602/215745.193:VERBOSE1:device_event_log_impl.cc(198)] [21:57:45.193] Display: EVENT: screen_win.cc:893 Displays updated, count: 1
[6812:31584:0602/215745.193:VERBOSE1:device_event_log_impl.cc(198)] [21:57:45.193] Display: EVENT: screen_win.cc:895 Display[974124475] bounds=[0,0 1536x864], workarea=[0,0 1536x816], scale=1.25, rotation=0, panel_rotation=0 external detected
[6812:28116:0602/215745.697:VERBOSE1:media_stream_manager.cc(1533)] MSPL::OnSpeedLimitChange({this=000062C40012ED40}, {new_limit=23})
[6812:28116:0602/215747.697:VERBOSE1:media_stream_manager.cc(1533)] MSPL::OnSpeedLimitChange({this=000062C40012ED40}, {new_limit=22})
[6812:28116:0602/215752.996:VERBOSE1:media_stream_manager.cc(1533)] MSPL::OnSpeedLimitChange({this=000062C40012ED40}, {new_limit=23})
[6812:31584:0602/215753.643:VERBOSE1:device_event_log_impl.cc(198)] [21:57:53.643] Display: EVENT: screen_win.cc:893 Displays updated, count: 1
[6812:31584:0602/215753.644:VERBOSE1:device_event_log_impl.cc(198)] [21:57:53.643] Display: EVENT: screen_win.cc:895 Display[974124475] bounds=[0,0 1536x864], workarea=[0,0 1536x816], scale=1.25, rotation=0, panel_rotation=0 external detected
[6812:31584:0602/215755.259:VERBOSE1:device_event_log_impl.cc(198)] [21:57:55.258] Display: EVENT: screen_win.cc:893 Displays updated, count: 1
[6812:31584:0602/215755.259:VERBOSE1:device_event_log_impl.cc(198)] [21:57:55.258] Display: EVENT: screen_win.cc:895 Display[974124475] bounds=[0,0 1536x864], workarea=[0,0 1536x816], scale=1.25, rotation=0, panel_rotation=0 external detected
[6812:28116:0602/215757.924:VERBOSE1:media_stream_manager.cc(1533)] MSPL::OnSpeedLimitChange({this=000062C40012ED40}, {new_limit=24})
[6812:31584:0602/215802.393:VERBOSE1:device_event_log_impl.cc(198)] [21:58:02.393] Display: EVENT: screen_win.cc:893 Displays updated, count: 1
[6812:31584:0602/215802.393:VERBOSE1:device_event_log_impl.cc(198)] [21:58:02.393] Display: EVENT: screen_win.cc:895 Display[974124475] bounds=[0,0 1536x864], workarea=[0,0 1536x816], scale=1.25, rotation=0, panel_rotation=0 external detected
[6812:28116:0602/215802.772:VERBOSE1:media_stream_manager.cc(1533)] MSPL::OnSpeedLimitChange({this=000062C40012ED40}, {new_limit=23})
[6812:28116:0602/215804.701:VERBOSE1:media_stream_manager.cc(1533)] MSPL::OnSpeedLimitChange({this=000062C40012ED40}, {new_limit=22})
[6812:28116:0602/215807.041:VERBOSE1:media_stream_manager.cc(1533)] MSPL::OnSpeedLimitChange({this=000062C40012ED40}, {new_limit=23})
[6812:28116:0602/215808.693:VERBOSE1:media_stream_manager.cc(1533)] MSPL::OnSpeedLimitChange({this=000062C40012ED40}, {new_limit=22})
[6812:28116:0602/215809.693:VERBOSE1:media_stream_manager.cc(1533)] MSPL::OnSpeedLimitChange({this=000062C40012ED40}, {new_limit=23})
[6812:28116:0602/215811.707:VERBOSE1:media_stream_manager.cc(1533)] MSPL::OnSpeedLimitChange({this=000062C40012ED40}, {new_limit=22})
[6812:31584:0602/215812.005:VERBOSE1:device_event_log_impl.cc(198)] [21:58:12.005] Display: EVENT: screen_win.cc:893 Displays updated, count: 1
[6812:31584:0602/215812.005:VERBOSE1:device_event_log_impl.cc(198)] [21:58:12.005] Display: EVENT: screen_win.cc:895 Display[974124475] bounds=[0,0 1536x864], workarea=[0,0 1536x816], scale=1.25, rotation=0, panel_rotation=0 external detected
[6812:28116:0602/215812.700:VERBOSE1:media_stream_manager.cc(1533)] MSPL::OnSpeedLimitChange({this=000062C40012ED40}, {new_limit=21})
[6812:28116:0602/215813.703:VERBOSE1:media_stream_manager.cc(1533)] MSPL::OnSpeedLimitChange({this=000062C40012ED40}, {new_limit=20})
[6812:28116:0602/215814.717:VERBOSE1:media_stream_manager.cc(1533)] MSPL::OnSpeedLimitChange({this=000062C40012ED40}, {new_limit=21})
[6812:28116:0602/215821.714:VERBOSE1:media_stream_manager.cc(1533)] MSPL::OnSpeedLimitChange({this=000062C40012ED40}, {new_limit=22})
[6812:28116:0602/215823.735:VERBOSE1:media_stream_manager.cc(1533)] MSPL::OnSpeedLimitChange({this=000062C40012ED40}, {new_limit=23})
[6812:28116:0602/215831.728:VERBOSE1:media_stream_manager.cc(1533)] MSPL::OnSpeedLimitChange({this=000062C40012ED40}, {new_limit=22})
[6812:31584:0602/215832.123:VERBOSE1:device_event_log_impl.cc(198)] [21:58:32.123] Display: EVENT: screen_win.cc:893 Displays updated, count: 1
[6812:31584:0602/215832.123:VERBOSE1:device_event_log_impl.cc(198)] [21:58:32.123] Display: EVENT: screen_win.cc:895 Display[974124475] bounds=[0,0 1536x864], workarea=[0,0 1536x816], scale=1.25, rotation=0, panel_rotation=0 external detected
[6812:31584:0602/215832.894:VERBOSE1:device_event_log_impl.cc(198)] [21:58:32.894] Display: EVENT: screen_win.cc:893 Displays updated, count: 1
[6812:31584:0602/215832.894:VERBOSE1:device_event_log_impl.cc(198)] [21:58:32.894] Display: EVENT: screen_win.cc:895 Display[974124475] bounds=[0,0 1536x864], workarea=[0,0 1536x816], scale=1.25, rotation=0, panel_rotation=0 external detected
[6812:28116:0602/215833.927:VERBOSE1:media_stream_manager.cc(1533)] MSPL::OnSpeedLimitChange({this=000062C40012ED40}, {new_limit=21})
[6812:31584:0602/215839.021:VERBOSE1:device_event_log_impl.cc(198)] [21:58:39.021] Display: EVENT: screen_win.cc:893 Displays updated, count: 1
[6812:31584:0602/215839.021:VERBOSE1:device_event_log_impl.cc(198)] [21:58:39.021] Display: EVENT: screen_win.cc:895 Display[974124475] bounds=[0,0 1536x864], workarea=[0,0 1536x816], scale=1.25, rotation=0, panel_rotation=0 external detected
[6812:28116:0602/215840.748:VERBOSE1:media_stream_manager.cc(1533)] MSPL::OnSpeedLimitChange({this=000062C40012ED40}, {new_limit=20})
[6812:28116:0602/215842.754:VERBOSE1:media_stream_manager.cc(1533)] MSPL::OnSpeedLimitChange({this=000062C40012ED40}, {new_limit=21})
[6812:28116:0602/215844.811:VERBOSE1:media_stream_manager.cc(1533)] MSPL::OnSpeedLimitChange({this=000062C40012ED40}, {new_limit=22})
[6812:28116:0602/215845.755:VERBOSE1:media_stream_manager.cc(1533)] MSPL::OnSpeedLimitChange({this=000062C40012ED40}, {new_limit=23})
[6812:28116:0602/215851.737:VERBOSE1:media_stream_manager.cc(1533)] MSPL::OnSpeedLimitChange({this=000062C40012ED40}, {new_limit=24})
[6812:28116:0602/215852.741:VERBOSE1:media_stream_manager.cc(1533)] MSPL::OnSpeedLimitChange({this=000062C40012ED40}, {new_limit=23})
[6812:28116:0602/215855.759:VERBOSE1:media_stream_manager.cc(1533)] MSPL::OnSpeedLimitChange({this=000062C40012ED40}, {new_limit=22})
[6812:28116:0602/215858.803:VERBOSE1:media_stream_manager.cc(1533)] MSPL::OnSpeedLimitChange({this=000062C40012ED40}, {new_limit=23})
[6812:31584:0602/215859.889:VERBOSE1:device_event_log_impl.cc(198)] [21:58:59.888] Display: EVENT: screen_win.cc:893 Displays updated, count: 1
[6812:31584:0602/215859.889:VERBOSE1:device_event_log_impl.cc(198)] [21:58:59.889] Display: EVENT: screen_win.cc:895 Display[974124475] bounds=[0,0 1536x864], workarea=[0,0 1536x816], scale=1.25, rotation=0, panel_rotation=0 external detected
[6812:28116:0602/215904.866:VERBOSE1:media_stream_manager.cc(1533)] MSPL::OnSpeedLimitChange({this=000062C40012ED40}, {new_limit=24})
[6812:28116:0602/215906.864:VERBOSE1:media_stream_manager.cc(1533)] MSPL::OnSpeedLimitChange({this=000062C40012ED40}, {new_limit=25})
[6812:28116:0602/215910.861:VERBOSE1:media_stream_manager.cc(1533)] MSPL::OnSpeedLimitChange({this=000062C40012ED40}, {new_limit=26})
[6812:28116:0602/215916.866:VERBOSE1:media_stream_manager.cc(1533)] MSPL::OnSpeedLimitChange({this=000062C40012ED40}, {new_limit=27})
[6812:28116:0602/215918.869:VERBOSE1:media_stream_manager.cc(1533)] MSPL::OnSpeedLimitChange({this=000062C40012ED40}, {new_limit=26})
[6812:28116:0602/215919.873:VERBOSE1:media_stream_manager.cc(1533)] MSPL::OnSpeedLimitChange({this=000062C40012ED40}, {new_limit=27})
[6812:28116:0602/215925.865:VERBOSE1:media_stream_manager.cc(1533)] MSPL::OnSpeedLimitChange({this=000062C40012ED40}, {new_limit=26})
[6812:31584:0602/215932.406:VERBOSE1:device_event_log_impl.cc(198)] [21:59:32.406] Display: EVENT: screen_win.cc:893 Displays updated, count: 1
[6812:31584:0602/215932.406:VERBOSE1:device_event_log_impl.cc(198)] [21:59:32.406] Display: EVENT: screen_win.cc:895 Display[974124475] bounds=[0,0 1536x864], workarea=[0,0 1536x816], scale=1.25, rotation=0, panel_rotation=0 external detected
[9028:13340:0602/215933.745:VERBOSE1:network_delegate.cc(36)] NetworkDelegate::NotifyBeforeURLRequest: https://optimizationguide-pa.googleapis.com/v1:GetModels?key=dummytoken
[9028:13340:0602/215933.764:VERBOSE1:tls_handshaker.cc(105)] TlsClient: Continuing handshake
[9028:13340:0602/215933.765:VERBOSE1:tls_handshaker.cc(126)] TlsClient: SSL_do_handshake returned when entering early data. After retry, rv=-1, SSL_in_early_data=1
[6812:28116:0602/215933.780:VERBOSE1:media_stream_manager.cc(1533)] MSPL::OnSpeedLimitChange({this=000062C40012ED40}, {new_limit=25})
[9028:13340:0602/215933.807:VERBOSE1:tls_handshaker.cc(105)] TlsClient: Continuing handshake
[9028:13340:0602/215933.808:VERBOSE1:tls_handshaker.cc(105)] TlsClient: Continuing handshake
[9028:13340:0602/215933.808:VERBOSE1:tls_client_handshaker.cc(528)] Client: handshake finished
[6812:28116:0602/215934.773:VERBOSE1:media_stream_manager.cc(1533)] MSPL::OnSpeedLimitChange({this=000062C40012ED40}, {new_limit=24})
[6812:28116:0602/215935.777:VERBOSE1:media_stream_manager.cc(1533)] MSPL::OnSpeedLimitChange({this=000062C40012ED40}, {new_limit=23})
[6812:28116:0602/215937.771:VERBOSE1:media_stream_manager.cc(1533)] MSPL::OnSpeedLimitChange({this=000062C40012ED40}, {new_limit=22})
[6812:28116:0602/215938.776:VERBOSE1:media_stream_manager.cc(1533)] MSPL::OnSpeedLimitChange({this=000062C40012ED40}, {new_limit=21})
[6812:28116:0602/215948.842:VERBOSE1:media_stream_manager.cc(1533)] MSPL::OnSpeedLimitChange({this=000062C40012ED40}, {new_limit=22})
[6812:28116:0602/215953.783:VERBOSE1:media_stream_manager.cc(1533)] MSPL::OnSpeedLimitChange({this=000062C40012ED40}, {new_limit=23})
[6812:28116:0602/215954.783:VERBOSE1:media_stream_manager.cc(1533)] MSPL::OnSpeedLimitChange({this=000062C40012ED40}, {new_limit=24})
[6812:28116:0602/215956.865:VERBOSE1:media_stream_manager.cc(1533)] MSPL::OnSpeedLimitChange({this=000062C40012ED40}, {new_limit=25})
[6812:28116:0602/220006.859:VERBOSE1:media_stream_manager.cc(1533)] MSPL::OnSpeedLimitChange({this=000062C40012ED40}, {new_limit=26})
[6812:31584:0602/220008.038:VERBOSE1:device_event_log_impl.cc(198)] [22:00:08.038] Display: EVENT: screen_win.cc:893 Displays updated, count: 1
[6812:31584:0602/220008.038:VERBOSE1:device_event_log_impl.cc(198)] [22:00:08.039] Display: EVENT: screen_win.cc:895 Display[974124475] bounds=[0,0 1536x864], workarea=[0,0 1536x816], scale=1.25, rotation=0, panel_rotation=0 external detected
[6812:28116:0602/220008.830:VERBOSE1:media_stream_manager.cc(1533)] MSPL::OnSpeedLimitChange({this=000062C40012ED40}, {new_limit=25})
[6812:28116:0602/220011.967:VERBOSE1:media_stream_manager.cc(1533)] MSPL::OnSpeedLimitChange({this=000062C40012ED40}, {new_limit=24})
[6812:31584:0602/220016.714:VERBOSE1:device_event_log_impl.cc(198)] [22:00:16.713] Display: EVENT: screen_win.cc:893 Displays updated, count: 1
[6812:31584:0602/220016.714:VERBOSE1:device_event_log_impl.cc(198)] [22:00:16.714] Display: EVENT: screen_win.cc:895 Display[974124475] bounds=[0,0 1536x864], workarea=[0,0 1536x816], scale=1.25, rotation=0, panel_rotation=0 external detected
[6812:28116:0602/220016.961:VERBOSE1:media_stream_manager.cc(1533)] MSPL::OnSpeedLimitChange({this=000062C40012ED40}, {new_limit=23})
[6812:28116:0602/220017.827:VERBOSE1:media_stream_manager.cc(1533)] MSPL::OnSpeedLimitChange({this=000062C40012ED40}, {new_limit=22})
[6812:28116:0602/220021.942:VERBOSE1:media_stream_manager.cc(1533)] MSPL::OnSpeedLimitChange({this=000062C40012ED40}, {new_limit=21})
[6812:31584:0602/220023.265:VERBOSE1:device_event_log_impl.cc(198)] [22:00:23.265] Display: EVENT: screen_win.cc:893 Displays updated, count: 1
[6812:31584:0602/220023.265:VERBOSE1:device_event_log_impl.cc(198)] [22:00:23.265] Display: EVENT: screen_win.cc:895 Display[974124475] bounds=[0,0 1536x864], workarea=[0,0 1536x816], scale=1.25, rotation=0, panel_rotation=0 external detected
[6812:31584:0602/220024.834:VERBOSE1:device_event_log_impl.cc(198)] [22:00:24.834] Display: EVENT: screen_win.cc:893 Displays updated, count: 1
[6812:31584:0602/220024.834:VERBOSE1:device_event_log_impl.cc(198)] [22:00:24.834] Display: EVENT: screen_win.cc:895 Display[974124475] bounds=[0,0 1536x864], workarea=[0,0 1536x816], scale=1.25, rotation=0, panel_rotation=0 external detected
[6812:28116:0602/220025.045:VERBOSE1:media_stream_manager.cc(1533)] MSPL::OnSpeedLimitChange({this=000062C40012ED40}, {new_limit=19})
[6812:28116:0602/220025.819:VERBOSE1:media_stream_manager.cc(1533)] MSPL::OnSpeedLimitChange({this=000062C40012ED40}, {new_limit=18})
[6812:28116:0602/220026.972:VERBOSE1:media_stream_manager.cc(1533)] MSPL::OnSpeedLimitChange({this=000062C40012ED40}, {new_limit=19})
[6812:28116:0602/220029.048:VERBOSE1:media_stream_manager.cc(1533)] MSPL::OnSpeedLimitChange({this=000062C40012ED40}, {new_limit=20})
[6812:28116:0602/220032.033:VERBOSE1:media_stream_manager.cc(1533)] MSPL::OnSpeedLimitChange({this=000062C40012ED40}, {new_limit=21})
[6812:31584:0602/220033.679:VERBOSE1:device_event_log_impl.cc(198)] [22:00:33.679] Display: EVENT: screen_win.cc:893 Displays updated, count: 1
[6812:31584:0602/220033.679:VERBOSE1:device_event_log_impl.cc(198)] [22:00:33.679] Display: EVENT: screen_win.cc:895 Display[974124475] bounds=[0,0 1536x864], workarea=[0,0 1536x816], scale=1.25, rotation=0, panel_rotation=0 external detected
[6812:28116:0602/220035.820:VERBOSE1:media_stream_manager.cc(1533)] MSPL::OnSpeedLimitChange({this=000062C40012ED40}, {new_limit=22})
[6812:31584:0602/220037.515:VERBOSE1:device_event_log_impl.cc(198)] [22:00:37.514] Display: EVENT: screen_win.cc:893 Displays updated, count: 1
[6812:31584:0602/220037.515:VERBOSE1:device_event_log_impl.cc(198)] [22:00:37.514] Display: EVENT: screen_win.cc:895 Display[974124475] bounds=[0,0 1536x864], workarea=[0,0 1536x816], scale=1.25, rotation=0, panel_rotation=0 external detected
[6812:28116:0602/220038.834:VERBOSE1:media_stream_manager.cc(1533)] MSPL::OnSpeedLimitChange({this=000062C40012ED40}, {new_limit=21})
[6812:28116:0602/220040.833:VERBOSE1:media_stream_manager.cc(1533)] MSPL::OnSpeedLimitChange({this=000062C40012ED40}, {new_limit=20})
[6812:28116:0602/220042.830:VERBOSE1:media_stream_manager.cc(1533)] MSPL::OnSpeedLimitChange({this=000062C40012ED40}, {new_limit=19})
[6812:28116:0602/220043.985:VERBOSE1:media_stream_manager.cc(1533)] MSPL::OnSpeedLimitChange({this=000062C40012ED40}, {new_limit=20})
[6812:28116:0602/220044.989:VERBOSE1:media_stream_manager.cc(1533)] MSPL::OnSpeedLimitChange({this=000062C40012ED40}, {new_limit=21})
[6812:28116:0602/220045.984:VERBOSE1:media_stream_manager.cc(1533)] MSPL::OnSpeedLimitChange({this=000062C40012ED40}, {new_limit=22})
[6812:28116:0602/220047.986:VERBOSE1:media_stream_manager.cc(1533)] MSPL::OnSpeedLimitChange({this=000062C40012ED40}, {new_limit=23})
[6812:28116:0602/220048.981:VERBOSE1:media_stream_manager.cc(1533)] MSPL::OnSpeedLimitChange({this=000062C40012ED40}, {new_limit=24})
[6812:28116:0602/220050.981:VERBOSE1:media_stream_manager.cc(1533)] MSPL::OnSpeedLimitChange({this=000062C40012ED40}, {new_limit=25})
[6812:28116:0602/220051.979:VERBOSE1:media_stream_manager.cc(1533)] MSPL::OnSpeedLimitChange({this=000062C40012ED40}, {new_limit=26})
[6812:31584:0602/220056.412:VERBOSE1:device_event_log_impl.cc(198)] [22:00:56.412] Display: EVENT: screen_win.cc:893 Displays updated, count: 1
[6812:31584:0602/220056.412:VERBOSE1:device_event_log_impl.cc(198)] [22:00:56.412] Display: EVENT: screen_win.cc:895 Display[974124475] bounds=[0,0 1536x864], workarea=[0,0 1536x816], scale=1.25, rotation=0, panel_rotation=0 external detected
[6812:28116:0602/220057.846:VERBOSE1:media_stream_manager.cc(1533)] MSPL::OnSpeedLimitChange({this=000062C40012ED40}, {new_limit=25})
[6812:28116:0602/220058.840:VERBOSE1:media_stream_manager.cc(1533)] MSPL::OnSpeedLimitChange({this=000062C40012ED40}, {new_limit=24})
[6812:28116:0602/220059.832:VERBOSE1:media_stream_manager.cc(1533)] MSPL::OnSpeedLimitChange({this=000062C40012ED40}, {new_limit=23})
[6812:28116:0602/220100.874:VERBOSE1:media_stream_manager.cc(1533)] MSPL::OnSpeedLimitChange({this=000062C40012ED40}, {new_limit=22})
[6812:28116:0602/220101.850:VERBOSE1:media_stream_manager.cc(1533)] MSPL::OnSpeedLimitChange({this=000062C40012ED40}, {new_limit=21})
[6812:28116:0602/220105.064:VERBOSE1:media_stream_manager.cc(1533)] MSPL::OnSpeedLimitChange({this=000062C40012ED40}, {new_limit=20})
[6812:28116:0602/220108.061:VERBOSE1:media_stream_manager.cc(1533)] MSPL::OnSpeedLimitChange({this=000062C40012ED40}, {new_limit=21})
[6812:28116:0602/220109.059:VERBOSE1:media_stream_manager.cc(1533)] MSPL::OnSpeedLimitChange({this=000062C40012ED40}, {new_limit=22})
[6812:28116:0602/220110.061:VERBOSE1:media_stream_manager.cc(1533)] MSPL::OnSpeedLimitChange({this=000062C40012ED40}, {new_limit=23})
[6812:28116:0602/220111.063:VERBOSE1:media_stream_manager.cc(1533)] MSPL::OnSpeedLimitChange({this=000062C40012ED40}, {new_limit=24})
[6812:28116:0602/220112.066:VERBOSE1:media_stream_manager.cc(1533)] MSPL::OnSpeedLimitChange({this=000062C40012ED40}, {new_limit=25})
[6812:28116:0602/220113.064:VERBOSE1:media_stream_manager.cc(1533)] MSPL::OnSpeedLimitChange({this=000062C40012ED40}, {new_limit=26})
[6812:28116:0602/220116.063:VERBOSE1:media_stream_manager.cc(1533)] MSPL::OnSpeedLimitChange({this=000062C40012ED40}, {new_limit=27})
[6812:31584:0602/220124.916:VERBOSE1:device_event_log_impl.cc(198)] [22:01:24.916] Display: EVENT: screen_win.cc:893 Displays updated, count: 1
[6812:31584:0602/220124.916:VERBOSE1:device_event_log_impl.cc(198)] [22:01:24.916] Display: EVENT: screen_win.cc:895 Display[974124475] bounds=[0,0 1536x864], workarea=[0,0 1536x816], scale=1.25, rotation=0, panel_rotation=0 external detected
[6812:28116:0602/220125.872:VERBOSE1:media_stream_manager.cc(1533)] MSPL::OnSpeedLimitChange({this=000062C40012ED40}, {new_limit=26})
[6812:28116:0602/220130.151:VERBOSE1:media_stream_manager.cc(1533)] MSPL::OnSpeedLimitChange({this=000062C40012ED40}, {new_limit=25})
[6812:28116:0602/220131.172:VERBOSE1:media_stream_manager.cc(1533)] MSPL::OnSpeedLimitChange({this=000062C40012ED40}, {new_limit=24})
[6812:28116:0602/220133.167:VERBOSE1:media_stream_manager.cc(1533)] MSPL::OnSpeedLimitChange({this=000062C40012ED40}, {new_limit=25})
[6812:28116:0602/220136.166:VERBOSE1:media_stream_manager.cc(1533)] MSPL::OnSpeedLimitChange({this=000062C40012ED40}, {new_limit=26})
[6812:28116:0602/220138.166:VERBOSE1:media_stream_manager.cc(1533)] MSPL::OnSpeedLimitChange({this=000062C40012ED40}, {new_limit=27})
[6812:28116:0602/220148.165:VERBOSE1:media_stream_manager.cc(1533)] MSPL::OnSpeedLimitChange({this=000062C40012ED40}, {new_limit=26})
[6812:28116:0602/220156.172:VERBOSE1:media_stream_manager.cc(1533)] MSPL::OnSpeedLimitChange({this=000062C40012ED40}, {new_limit=25})
[6812:31584:0602/220158.418:VERBOSE1:device_event_log_impl.cc(198)] [22:01:58.418] Display: EVENT: screen_win.cc:893 Displays updated, count: 1
[6812:31584:0602/220158.418:VERBOSE1:device_event_log_impl.cc(198)] [22:01:58.418] Display: EVENT: screen_win.cc:895 Display[974124475] bounds=[0,0 1536x864], workarea=[0,0 1536x816], scale=1.25, rotation=0, panel_rotation=0 external detected
[6812:28116:0602/220159.885:VERBOSE1:media_stream_manager.cc(1533)] MSPL::OnSpeedLimitChange({this=000062C40012ED40}, {new_limit=24})
[6812:28116:0602/220200.895:VERBOSE1:media_stream_manager.cc(1533)] MSPL::OnSpeedLimitChange({this=000062C40012ED40}, {new_limit=23})
[6812:28116:0602/220201.911:VERBOSE1:media_stream_manager.cc(1533)] MSPL::OnSpeedLimitChange({this=000062C40012ED40}, {new_limit=22})
[6812:28116:0602/220203.146:VERBOSE1:media_stream_manager.cc(1533)] MSPL::OnSpeedLimitChange({this=000062C40012ED40}, {new_limit=21})
[6812:28116:0602/220206.152:VERBOSE1:media_stream_manager.cc(1533)] MSPL::OnSpeedLimitChange({this=000062C40012ED40}, {new_limit=22})
[6812:31584:0602/220207.623:VERBOSE1:device_event_log_impl.cc(198)] [22:02:07.623] Display: EVENT: screen_win.cc:893 Displays updated, count: 1
[6812:31584:0602/220207.624:VERBOSE1:device_event_log_impl.cc(198)] [22:02:07.623] Display: EVENT: screen_win.cc:895 Display[974124475] bounds=[0,0 1536x864], workarea=[0,0 1536x816], scale=1.25, rotation=0, panel_rotation=0 external detected
[6812:28116:0602/220210.124:VERBOSE1:media_stream_manager.cc(1533)] MSPL::OnSpeedLimitChange({this=000062C40012ED40}, {new_limit=23})
[6812:31584:0602/220210.187:VERBOSE1:device_event_log_impl.cc(198)] [22:02:10.187] Display: EVENT: screen_win.cc:893 Displays updated, count: 1
[6812:31584:0602/220210.187:VERBOSE1:device_event_log_impl.cc(198)] [22:02:10.187] Display: EVENT: screen_win.cc:895 Display[974124475] bounds=[0,0 1536x864], workarea=[0,0 1536x816], scale=1.25, rotation=0, panel_rotation=0 external detected
[9028:13340:0602/220210.446:VERBOSE1:network_delegate.cc(36)] NetworkDelegate::NotifyBeforeURLRequest: https://optimizationguide-pa.googleapis.com/v1:GetModels?key=dummytoken
[9028:13340:0602/220210.461:VERBOSE1:tls_handshaker.cc(105)] TlsClient: Continuing handshake
[9028:13340:0602/220210.462:VERBOSE1:tls_handshaker.cc(126)] TlsClient: SSL_do_handshake returned when entering early data. After retry, rv=-1, SSL_in_early_data=1
[9028:13340:0602/220210.501:VERBOSE1:tls_handshaker.cc(105)] TlsClient: Continuing handshake
[9028:13340:0602/220210.502:VERBOSE1:tls_handshaker.cc(105)] TlsClient: Continuing handshake
[9028:13340:0602/220210.502:VERBOSE1:tls_client_handshaker.cc(528)] Client: handshake finished
[6812:28116:0602/220211.916:VERBOSE1:media_stream_manager.cc(1533)] MSPL::OnSpeedLimitChange({this=000062C40012ED40}, {new_limit=24})
[6812:28116:0602/220213.899:VERBOSE1:media_stream_manager.cc(1533)] MSPL::OnSpeedLimitChange({this=000062C40012ED40}, {new_limit=23})
[6812:28116:0602/220214.913:VERBOSE1:media_stream_manager.cc(1533)] MSPL::OnSpeedLimitChange({this=000062C40012ED40}, {new_limit=22})
[6812:28116:0602/220223.909:VERBOSE1:media_stream_manager.cc(1533)] MSPL::OnSpeedLimitChange({this=000062C40012ED40}, {new_limit=23})
[6812:28116:0602/220226.170:VERBOSE1:media_stream_manager.cc(1533)] MSPL::OnSpeedLimitChange({this=000062C40012ED40}, {new_limit=24})
[6812:31584:0602/220226.384:VERBOSE1:device_event_log_impl.cc(198)] [22:02:26.384] Display: EVENT: screen_win.cc:893 Displays updated, count: 1
[6812:31584:0602/220226.384:VERBOSE1:device_event_log_impl.cc(198)] [22:02:26.384] Display: EVENT: screen_win.cc:895 Display[974124475] bounds=[0,0 1536x864], workarea=[0,0 1536x816], scale=1.25, rotation=0, panel_rotation=0 external detected
[6812:28116:0602/220226.907:VERBOSE1:media_stream_manager.cc(1533)] MSPL::OnSpeedLimitChange({this=000062C40012ED40}, {new_limit=23})
[6812:28116:0602/220228.925:VERBOSE1:media_stream_manager.cc(1533)] MSPL::OnSpeedLimitChange({this=000062C40012ED40}, {new_limit=22})
[6812:28116:0602/220232.925:VERBOSE1:media_stream_manager.cc(1533)] MSPL::OnSpeedLimitChange({this=000062C40012ED40}, {new_limit=21})
[6812:28116:0602/220237.013:VERBOSE1:media_stream_manager.cc(1533)] MSPL::OnSpeedLimitChange({this=000062C40012ED40}, {new_limit=22})
[6812:28116:0602/220238.012:VERBOSE1:media_stream_manager.cc(1533)] MSPL::OnSpeedLimitChange({this=000062C40012ED40}, {new_limit=23})
[6812:28116:0602/220240.009:VERBOSE1:media_stream_manager.cc(1533)] MSPL::OnSpeedLimitChange({this=000062C40012ED40}, {new_limit=24})
[6812:28116:0602/220242.011:VERBOSE1:media_stream_manager.cc(1533)] MSPL::OnSpeedLimitChange({this=000062C40012ED40}, {new_limit=25})
[6812:28116:0602/220243.009:VERBOSE1:media_stream_manager.cc(1533)] MSPL::OnSpeedLimitChange({this=000062C40012ED40}, {new_limit=26})
[6812:28116:0602/220244.010:VERBOSE1:media_stream_manager.cc(1533)] MSPL::OnSpeedLimitChange({this=000062C40012ED40}, {new_limit=27})
[6812:31584:0602/220248.753:VERBOSE1:device_event_log_impl.cc(198)] [22:02:48.753] Display: EVENT: screen_win.cc:893 Displays updated, count: 1
[6812:31584:0602/220248.754:VERBOSE1:device_event_log_impl.cc(198)] [22:02:48.753] Display: EVENT: screen_win.cc:895 Display[974124475] bounds=[0,0 1536x864], workarea=[0,0 1536x816], scale=1.25, rotation=0, panel_rotation=0 external detected
[6812:28116:0602/220249.948:VERBOSE1:media_stream_manager.cc(1533)] MSPL::OnSpeedLimitChange({this=000062C40012ED40}, {new_limit=26})
[6812:28116:0602/220250.932:VERBOSE1:media_stream_manager.cc(1533)] MSPL::OnSpeedLimitChange({this=000062C40012ED40}, {new_limit=25})
[6812:28116:0602/220251.928:VERBOSE1:media_stream_manager.cc(1533)] MSPL::OnSpeedLimitChange({this=000062C40012ED40}, {new_limit=24})
[6812:28116:0602/220253.937:VERBOSE1:media_stream_manager.cc(1533)] MSPL::OnSpeedLimitChange({this=000062C40012ED40}, {new_limit=23})
[6812:28116:0602/220255.937:VERBOSE1:media_stream_manager.cc(1533)] MSPL::OnSpeedLimitChange({this=000062C40012ED40}, {new_limit=22})
[6812:28116:0602/220256.941:VERBOSE1:media_stream_manager.cc(1533)] MSPL::OnSpeedLimitChange({this=000062C40012ED40}, {new_limit=21})
[6812:28116:0602/220300.951:VERBOSE1:media_stream_manager.cc(1533)] MSPL::OnSpeedLimitChange({this=000062C40012ED40}, {new_limit=22})
[6812:28116:0602/220304.948:VERBOSE1:media_stream_manager.cc(1533)] MSPL::OnSpeedLimitChange({this=000062C40012ED40}, {new_limit=21})
[6812:28116:0602/220307.025:VERBOSE1:media_stream_manager.cc(1533)] MSPL::OnSpeedLimitChange({this=000062C40012ED40}, {new_limit=22})
[6812:31584:0602/220310.270:VERBOSE1:device_event_log_impl.cc(198)] [22:03:10.269] Display: EVENT: screen_win.cc:893 Displays updated, count: 1
[6812:31584:0602/220310.270:VERBOSE1:device_event_log_impl.cc(198)] [22:03:10.269] Display: EVENT: screen_win.cc:895 Display[974124475] bounds=[0,0 1536x864], workarea=[0,0 1536x816], scale=1.25, rotation=0, panel_rotation=0 external detected
[6812:28116:0602/220310.939:VERBOSE1:media_stream_manager.cc(1533)] MSPL::OnSpeedLimitChange({this=000062C40012ED40}, {new_limit=21})
[6812:28116:0602/220311.958:VERBOSE1:media_stream_manager.cc(1533)] MSPL::OnSpeedLimitChange({this=000062C40012ED40}, {new_limit=20})
[6812:28116:0602/220314.966:VERBOSE1:media_stream_manager.cc(1533)] MSPL::OnSpeedLimitChange({this=000062C40012ED40}, {new_limit=21})
[6812:28116:0602/220320.951:VERBOSE1:media_stream_manager.cc(1533)] MSPL::OnSpeedLimitChange({this=000062C40012ED40}, {new_limit=23})
[6812:28116:0602/220321.969:VERBOSE1:media_stream_manager.cc(1533)] MSPL::OnSpeedLimitChange({this=000062C40012ED40}, {new_limit=24})
[6812:31584:0602/220322.251:VERBOSE1:device_event_log_impl.cc(198)] [22:03:22.251] Display: EVENT: screen_win.cc:893 Displays updated, count: 1
[6812:31584:0602/220322.251:VERBOSE1:device_event_log_impl.cc(198)] [22:03:22.251] Display: EVENT: screen_win.cc:895 Display[974124475] bounds=[0,0 1536x864], workarea=[0,0 1536x816], scale=1.25, rotation=0, panel_rotation=0 external detected
[6812:31584:0602/220324.549:VERBOSE1:device_event_log_impl.cc(198)] [22:03:24.548] Display: EVENT: screen_win.cc:893 Displays updated, count: 1
[6812:31584:0602/220324.549:VERBOSE1:device_event_log_impl.cc(198)] [22:03:24.549] Display: EVENT: screen_win.cc:895 Display[974124475] bounds=[0,0 1536x864], workarea=[0,0 1536x816], scale=1.25, rotation=0, panel_rotation=0 external detected
[6812:28116:0602/220325.973:VERBOSE1:media_stream_manager.cc(1533)] MSPL::OnSpeedLimitChange({this=000062C40012ED40}, {new_limit=25})
[6812:28116:0602/220328.970:VERBOSE1:media_stream_manager.cc(1533)] MSPL::OnSpeedLimitChange({this=000062C40012ED40}, {new_limit=24})
[6812:28116:0602/220337.991:VERBOSE1:media_stream_manager.cc(1533)] MSPL::OnSpeedLimitChange({this=000062C40012ED40}, {new_limit=25})
[6812:28116:0602/220348.041:VERBOSE1:media_stream_manager.cc(1533)] MSPL::OnSpeedLimitChange({this=000062C40012ED40}, {new_limit=24})
[6812:28116:0602/220356.997:VERBOSE1:media_stream_manager.cc(1533)] MSPL::OnSpeedLimitChange({this=000062C40012ED40}, {new_limit=25})
[6812:28116:0602/220401.024:VERBOSE1:media_stream_manager.cc(1533)] MSPL::OnSpeedLimitChange({this=000062C40012ED40}, {new_limit=24})
[6812:28116:0602/220403.003:VERBOSE1:media_stream_manager.cc(1533)] MSPL::OnSpeedLimitChange({this=000062C40012ED40}, {new_limit=23})
[6812:28116:0602/220404.985:VERBOSE1:media_stream_manager.cc(1533)] MSPL::OnSpeedLimitChange({this=000062C40012ED40}, {new_limit=22})
[6812:28116:0602/220406.054:VERBOSE1:media_stream_manager.cc(1533)] MSPL::OnSpeedLimitChange({this=000062C40012ED40}, {new_limit=21})
[6812:28116:0602/220408.991:VERBOSE1:media_stream_manager.cc(1533)] MSPL::OnSpeedLimitChange({this=000062C40012ED40}, {new_limit=22})
[6812:28116:0602/220410.989:VERBOSE1:media_stream_manager.cc(1533)] MSPL::OnSpeedLimitChange({this=000062C40012ED40}, {new_limit=23})
[6812:28116:0602/220412.003:VERBOSE1:media_stream_manager.cc(1533)] MSPL::OnSpeedLimitChange({this=000062C40012ED40}, {new_limit=22})
[6812:28116:0602/220414.992:VERBOSE1:media_stream_manager.cc(1533)] MSPL::OnSpeedLimitChange({this=000062C40012ED40}, {new_limit=23})
[6812:28116:0602/220416.999:VERBOSE1:media_stream_manager.cc(1533)] MSPL::OnSpeedLimitChange({this=000062C40012ED40}, {new_limit=22})
[6812:28116:0602/220418.027:VERBOSE1:media_stream_manager.cc(1533)] MSPL::OnSpeedLimitChange({this=000062C40012ED40}, {new_limit=21})
[6812:28116:0602/220420.007:VERBOSE1:media_stream_manager.cc(1533)] MSPL::OnSpeedLimitChange({this=000062C40012ED40}, {new_limit=20})
[6812:28116:0602/220428.013:VERBOSE1:media_stream_manager.cc(1533)] MSPL::OnSpeedLimitChange({this=000062C40012ED40}, {new_limit=21})
[6812:28116:0602/220431.017:VERBOSE1:media_stream_manager.cc(1533)] MSPL::OnSpeedLimitChange({this=000062C40012ED40}, {new_limit=22})
[6812:28116:0602/220436.025:VERBOSE1:media_stream_manager.cc(1533)] MSPL::OnSpeedLimitChange({this=000062C40012ED40}, {new_limit=21})
[6812:28116:0602/220439.064:VERBOSE1:media_stream_manager.cc(1533)] MSPL::OnSpeedLimitChange({this=000062C40012ED40}, {new_limit=20})
[6812:28116:0602/220441.028:VERBOSE1:media_stream_manager.cc(1533)] MSPL::OnSpeedLimitChange({this=000062C40012ED40}, {new_limit=21})
[6812:28116:0602/220442.023:VERBOSE1:media_stream_manager.cc(1533)] MSPL::OnSpeedLimitChange({this=000062C40012ED40}, {new_limit=20})
[6812:28116:0602/220443.056:VERBOSE1:media_stream_manager.cc(1533)] MSPL::OnSpeedLimitChange({this=000062C40012ED40}, {new_limit=21})
[6812:28116:0602/220445.036:VERBOSE1:media_stream_manager.cc(1533)] MSPL::OnSpeedLimitChange({this=000062C40012ED40}, {new_limit=22})
[6812:28116:0602/220447.031:VERBOSE1:media_stream_manager.cc(1533)] MSPL::OnSpeedLimitChange({this=000062C40012ED40}, {new_limit=23})
[6812:28116:0602/220447.031:VERBOSE1:media_stream_manager.cc(1533)] MSPL::OnSpeedLimitChange({this=000062C40012ED40}, {new_limit=24})
[6812:28116:0602/220451.045:VERBOSE1:media_stream_manager.cc(1533)] MSPL::OnSpeedLimitChange({this=000062C40012ED40}, {new_limit=23})
[9028:13340:0602/220455.093:VERBOSE1:network_delegate.cc(36)] NetworkDelegate::NotifyBeforeURLRequest: https://optimizationguide-pa.googleapis.com/v1:GetModels?key=dummytoken
[9028:13340:0602/220455.106:VERBOSE1:tls_handshaker.cc(105)] TlsClient: Continuing handshake
[9028:13340:0602/220455.107:VERBOSE1:tls_handshaker.cc(126)] TlsClient: SSL_do_handshake returned when entering early data. After retry, rv=-1, SSL_in_early_data=1
[9028:13340:0602/220455.149:VERBOSE1:tls_handshaker.cc(105)] TlsClient: Continuing handshake
[9028:13340:0602/220455.149:VERBOSE1:tls_handshaker.cc(105)] TlsClient: Continuing handshake
[9028:13340:0602/220455.149:VERBOSE1:tls_client_handshaker.cc(528)] Client: handshake finished
[6812:28116:0602/220456.049:VERBOSE1:media_stream_manager.cc(1533)] MSPL::OnSpeedLimitChange({this=000062C40012ED40}, {new_limit=24})
[6812:28116:0602/220457.069:VERBOSE1:media_stream_manager.cc(1533)] MSPL::OnSpeedLimitChange({this=000062C40012ED40}, {new_limit=23})
[6812:28116:0602/220458.043:VERBOSE1:media_stream_manager.cc(1533)] MSPL::OnSpeedLimitChange({this=000062C40012ED40}, {new_limit=22})
[6812:28116:0602/220459.051:VERBOSE1:media_stream_manager.cc(1533)] MSPL::OnSpeedLimitChange({this=000062C40012ED40}, {new_limit=23})
[6812:28116:0602/220501.047:VERBOSE1:media_stream_manager.cc(1533)] MSPL::OnSpeedLimitChange({this=000062C40012ED40}, {new_limit=24})
[6812:28116:0602/220504.046:VERBOSE1:media_stream_manager.cc(1533)] MSPL::OnSpeedLimitChange({this=000062C40012ED40}, {new_limit=23})
[6812:28116:0602/220505.047:VERBOSE1:media_stream_manager.cc(1533)] MSPL::OnSpeedLimitChange({this=000062C40012ED40}, {new_limit=22})
[6812:28116:0602/220508.621:VERBOSE1:media_stream_manager.cc(1533)] MSPL::OnSpeedLimitChange({this=000062C40012ED40}, {new_limit=23})
[6812:28116:0602/220510.048:VERBOSE1:media_stream_manager.cc(1533)] MSPL::OnSpeedLimitChange({this=000062C40012ED40}, {new_limit=22})
[6812:28116:0602/220513.101:VERBOSE1:media_stream_manager.cc(1533)] MSPL::OnSpeedLimitChange({this=000062C40012ED40}, {new_limit=23})
[6812:28116:0602/220514.053:VERBOSE1:media_stream_manager.cc(1533)] MSPL::OnSpeedLimitChange({this=000062C40012ED40}, {new_limit=24})
[6812:31584:0602/220516.391:VERBOSE1:device_event_log_impl.cc(198)] [22:05:16.391] Display: EVENT: screen_win.cc:893 Displays updated, count: 1
[6812:31584:0602/220516.391:VERBOSE1:device_event_log_impl.cc(198)] [22:05:16.391] Display: EVENT: screen_win.cc:895 Display[974124475] bounds=[0,0 1536x864], workarea=[0,0 1536x816], scale=1.25, rotation=0, panel_rotation=0 external detected
[6812:28116:0602/220518.057:VERBOSE1:media_stream_manager.cc(1533)] MSPL::OnSpeedLimitChange({this=000062C40012ED40}, {new_limit=23})
[6812:28116:0602/220519.067:VERBOSE1:media_stream_manager.cc(1533)] MSPL::OnSpeedLimitChange({this=000062C40012ED40}, {new_limit=24})
[6812:31584:0602/220530.839:VERBOSE1:device_event_log_impl.cc(198)] [22:05:30.839] Display: EVENT: screen_win.cc:893 Displays updated, count: 1
[6812:31584:0602/220530.839:VERBOSE1:device_event_log_impl.cc(198)] [22:05:30.840] Display: EVENT: screen_win.cc:895 Display[974124475] bounds=[0,0 1536x864], workarea=[0,0 1536x816], scale=1.25, rotation=0, panel_rotation=0 external detected
[6812:28116:0602/220532.079:VERBOSE1:media_stream_manager.cc(1533)] MSPL::OnSpeedLimitChange({this=000062C40012ED40}, {new_limit=23})
[6812:28116:0602/220533.083:VERBOSE1:media_stream_manager.cc(1533)] MSPL::OnSpeedLimitChange({this=000062C40012ED40}, {new_limit=22})
[6812:28116:0602/220535.373:VERBOSE1:media_stream_manager.cc(1533)] MSPL::OnSpeedLimitChange({this=000062C40012ED40}, {new_limit=21})
[6812:28116:0602/220539.358:VERBOSE1:media_stream_manager.cc(1533)] MSPL::OnSpeedLimitChange({this=000062C40012ED40}, {new_limit=22})
[6812:28116:0602/220542.363:VERBOSE1:media_stream_manager.cc(1533)] MSPL::OnSpeedLimitChange({this=000062C40012ED40}, {new_limit=23})
[6812:28116:0602/220543.373:VERBOSE1:media_stream_manager.cc(1533)] MSPL::OnSpeedLimitChange({this=000062C40012ED40}, {new_limit=24})
[6812:28116:0602/220544.360:VERBOSE1:media_stream_manager.cc(1533)] MSPL::OnSpeedLimitChange({this=000062C40012ED40}, {new_limit=25})
[6812:28116:0602/220546.363:VERBOSE1:media_stream_manager.cc(1533)] MSPL::OnSpeedLimitChange({this=000062C40012ED40}, {new_limit=26})
[6812:31584:0602/220551.102:VERBOSE1:device_event_log_impl.cc(198)] [22:05:51.101] Display: EVENT: screen_win.cc:893 Displays updated, count: 1
[6812:31584:0602/220551.102:VERBOSE1:device_event_log_impl.cc(198)] [22:05:51.101] Display: EVENT: screen_win.cc:895 Display[974124475] bounds=[0,0 1536x864], workarea=[0,0 1536x816], scale=1.25, rotation=0, panel_rotation=0 external detected
[6812:28116:0602/220551.359:VERBOSE1:media_stream_manager.cc(1533)] MSPL::OnSpeedLimitChange({this=000062C40012ED40}, {new_limit=25})
[6812:28116:0602/220552.091:VERBOSE1:media_stream_manager.cc(1533)] MSPL::OnSpeedLimitChange({this=000062C40012ED40}, {new_limit=24})
[6812:28116:0602/220553.078:VERBOSE1:media_stream_manager.cc(1533)] MSPL::OnSpeedLimitChange({this=000062C40012ED40}, {new_limit=23})
[6812:28116:0602/220555.086:VERBOSE1:media_stream_manager.cc(1533)] MSPL::OnSpeedLimitChange({this=000062C40012ED40}, {new_limit=22})
[6812:28116:0602/220559.100:VERBOSE1:media_stream_manager.cc(1533)] MSPL::OnSpeedLimitChange({this=000062C40012ED40}, {new_limit=21})
[6812:28116:0602/220600.090:VERBOSE1:media_stream_manager.cc(1533)] MSPL::OnSpeedLimitChange({this=000062C40012ED40}, {new_limit=20})
[6812:28116:0602/220601.098:VERBOSE1:media_stream_manager.cc(1533)] MSPL::OnSpeedLimitChange({this=000062C40012ED40}, {new_limit=19})
[6812:28116:0602/220602.078:VERBOSE1:media_stream_manager.cc(1533)] MSPL::OnSpeedLimitChange({this=000062C40012ED40}, {new_limit=20})
[6812:28116:0602/220605.088:VERBOSE1:media_stream_manager.cc(1533)] MSPL::OnSpeedLimitChange({this=000062C40012ED40}, {new_limit=19})
[6812:28116:0602/220610.101:VERBOSE1:media_stream_manager.cc(1533)] MSPL::OnSpeedLimitChange({this=000062C40012ED40}, {new_limit=20})
[6812:28116:0602/220611.155:VERBOSE1:media_stream_manager.cc(1533)] MSPL::OnSpeedLimitChange({this=000062C40012ED40}, {new_limit=21})
[6812:28116:0602/220613.099:VERBOSE1:media_stream_manager.cc(1533)] MSPL::OnSpeedLimitChange({this=000062C40012ED40}, {new_limit=22})
[6812:28116:0602/220614.104:VERBOSE1:media_stream_manager.cc(1533)] MSPL::OnSpeedLimitChange({this=000062C40012ED40}, {new_limit=23})
[6812:31584:0602/220615.955:VERBOSE1:device_event_log_impl.cc(198)] [22:06:15.954] Display: EVENT: screen_win.cc:893 Displays updated, count: 1
[6812:31584:0602/220615.955:VERBOSE1:device_event_log_impl.cc(198)] [22:06:15.954] Display: EVENT: screen_win.cc:895 Display[974124475] bounds=[0,0 1536x864], workarea=[0,0 1536x816], scale=1.25, rotation=0, panel_rotation=0 external detected
[6812:28116:0602/220616.238:VERBOSE1:media_stream_manager.cc(1533)] MSPL::OnSpeedLimitChange({this=000062C40012ED40}, {new_limit=24})
[6812:31584:0602/220617.563:VERBOSE1:device_event_log_impl.cc(198)] [22:06:17.563] Display: EVENT: screen_win.cc:893 Displays updated, count: 1
[6812:31584:0602/220617.563:VERBOSE1:device_event_log_impl.cc(198)] [22:06:17.563] Display: EVENT: screen_win.cc:895 Display[974124475] bounds=[0,0 1536x864], workarea=[0,0 1536x816], scale=1.25, rotation=0, panel_rotation=0 external detected
[6812:31584:0602/220620.716:VERBOSE1:device_event_log_impl.cc(198)] [22:06:20.717] Display: EVENT: screen_win.cc:893 Displays updated, count: 1
[6812:31584:0602/220620.716:VERBOSE1:device_event_log_impl.cc(198)] [22:06:20.717] Display: EVENT: screen_win.cc:895 Display[974124475] bounds=[0,0 1536x864], workarea=[0,0 1536x816], scale=1.25, rotation=0, panel_rotation=0 external detected
[6812:28116:0602/220622.100:VERBOSE1:media_stream_manager.cc(1533)] MSPL::OnSpeedLimitChange({this=000062C40012ED40}, {new_limit=22})
[6812:28116:0602/220623.102:VERBOSE1:media_stream_manager.cc(1533)] MSPL::OnSpeedLimitChange({this=000062C40012ED40}, {new_limit=21})
[6812:28116:0602/220625.227:VERBOSE1:media_stream_manager.cc(1533)] MSPL::OnSpeedLimitChange({this=000062C40012ED40}, {new_limit=22})
[6812:28116:0602/220630.233:VERBOSE1:media_stream_manager.cc(1533)] MSPL::OnSpeedLimitChange({this=000062C40012ED40}, {new_limit=23})
[6812:28116:0602/220631.230:VERBOSE1:media_stream_manager.cc(1533)] MSPL::OnSpeedLimitChange({this=000062C40012ED40}, {new_limit=24})
[6812:28116:0602/220632.232:VERBOSE1:media_stream_manager.cc(1533)] MSPL::OnSpeedLimitChange({this=000062C40012ED40}, {new_limit=25})
[6812:28116:0602/220633.231:VERBOSE1:media_stream_manager.cc(1533)] MSPL::OnSpeedLimitChange({this=000062C40012ED40}, {new_limit=26})
[6812:28116:0602/220642.232:VERBOSE1:media_stream_manager.cc(1533)] MSPL::OnSpeedLimitChange({this=000062C40012ED40}, {new_limit=27})
[6812:28116:0602/220643.235:VERBOSE1:media_stream_manager.cc(1533)] MSPL::OnSpeedLimitChange({this=000062C40012ED40}, {new_limit=26})
[6812:28116:0602/220644.237:VERBOSE1:media_stream_manager.cc(1533)] MSPL::OnSpeedLimitChange({this=000062C40012ED40}, {new_limit=27})
[6812:28116:0602/220652.239:VERBOSE1:media_stream_manager.cc(1533)] MSPL::OnSpeedLimitChange({this=000062C40012ED40}, {new_limit=26})
[6812:31584:0602/220655.586:VERBOSE1:device_event_log_impl.cc(198)] [22:06:55.586] Display: EVENT: screen_win.cc:893 Displays updated, count: 1
[6812:31584:0602/220655.586:VERBOSE1:device_event_log_impl.cc(198)] [22:06:55.587] Display: EVENT: screen_win.cc:895 Display[974124475] bounds=[0,0 1536x864], workarea=[0,0 1536x816], scale=1.25, rotation=0, panel_rotation=0 external detected
[6812:28116:0602/220657.130:VERBOSE1:media_stream_manager.cc(1533)] MSPL::OnSpeedLimitChange({this=000062C40012ED40}, {new_limit=25})
[6812:28116:0602/220658.184:VERBOSE1:media_stream_manager.cc(1533)] MSPL::OnSpeedLimitChange({this=000062C40012ED40}, {new_limit=24})
[6812:28116:0602/220659.132:VERBOSE1:media_stream_manager.cc(1533)] MSPL::OnSpeedLimitChange({this=000062C40012ED40}, {new_limit=23})
[6812:28116:0602/220700.185:VERBOSE1:media_stream_manager.cc(1533)] MSPL::OnSpeedLimitChange({this=000062C40012ED40}, {new_limit=22})
[6812:28116:0602/220702.173:VERBOSE1:media_stream_manager.cc(1533)] MSPL::OnSpeedLimitChange({this=000062C40012ED40}, {new_limit=21})
[6812:28116:0602/220703.144:VERBOSE1:media_stream_manager.cc(1533)] MSPL::OnSpeedLimitChange({this=000062C40012ED40}, {new_limit=22})
[6812:28116:0602/220704.128:VERBOSE1:media_stream_manager.cc(1533)] MSPL::OnSpeedLimitChange({this=000062C40012ED40}, {new_limit=21})
[6812:28116:0602/220707.153:VERBOSE1:media_stream_manager.cc(1533)] MSPL::OnSpeedLimitChange({this=000062C40012ED40}, {new_limit=22})
[6812:28116:0602/220708.144:VERBOSE1:media_stream_manager.cc(1533)] MSPL::OnSpeedLimitChange({this=000062C40012ED40}, {new_limit=23})
[6812:31584:0602/220708.547:VERBOSE1:device_event_log_impl.cc(198)] [22:07:08.547] Display: EVENT: screen_win.cc:893 Displays updated, count: 1
[6812:31584:0602/220708.547:VERBOSE1:device_event_log_impl.cc(198)] [22:07:08.547] Display: EVENT: screen_win.cc:895 Display[974124475] bounds=[0,0 1536x864], workarea=[0,0 1536x816], scale=1.25, rotation=0, panel_rotation=0 external detected
[6812:28116:0602/220709.131:VERBOSE1:media_stream_manager.cc(1533)] MSPL::OnSpeedLimitChange({this=000062C40012ED40}, {new_limit=22})
[6812:28116:0602/220710.137:VERBOSE1:media_stream_manager.cc(1533)] MSPL::OnSpeedLimitChange({this=000062C40012ED40}, {new_limit=23})
[6812:28116:0602/220712.148:VERBOSE1:media_stream_manager.cc(1533)] MSPL::OnSpeedLimitChange({this=000062C40012ED40}, {new_limit=24})
[6812:28116:0602/220717.158:VERBOSE1:media_stream_manager.cc(1533)] MSPL::OnSpeedLimitChange({this=000062C40012ED40}, {new_limit=23})
[6812:28116:0602/220719.145:VERBOSE1:media_stream_manager.cc(1533)] MSPL::OnSpeedLimitChange({this=000062C40012ED40}, {new_limit=25})
[6812:31584:0602/220720.676:VERBOSE1:device_event_log_impl.cc(198)] [22:07:20.676] Display: EVENT: screen_win.cc:893 Displays updated, count: 1
[6812:31584:0602/220720.676:VERBOSE1:device_event_log_impl.cc(198)] [22:07:20.676] Display: EVENT: screen_win.cc:895 Display[974124475] bounds=[0,0 1536x864], workarea=[0,0 1536x816], scale=1.25, rotation=0, panel_rotation=0 external detected
[6812:28116:0602/220722.157:VERBOSE1:media_stream_manager.cc(1533)] MSPL::OnSpeedLimitChange({this=000062C40012ED40}, {new_limit=26})
[6812:28116:0602/220723.146:VERBOSE1:media_stream_manager.cc(1533)] MSPL::OnSpeedLimitChange({this=000062C40012ED40}, {new_limit=25})
[6812:28116:0602/220724.153:VERBOSE1:media_stream_manager.cc(1533)] MSPL::OnSpeedLimitChange({this=000062C40012ED40}, {new_limit=26})
[6812:28116:0602/220725.156:VERBOSE1:media_stream_manager.cc(1533)] MSPL::OnSpeedLimitChange({this=000062C40012ED40}, {new_limit=25})
[6812:28116:0602/220726.150:VERBOSE1:media_stream_manager.cc(1533)] MSPL::OnSpeedLimitChange({this=000062C40012ED40}, {new_limit=26})
[6812:28116:0602/220727.164:VERBOSE1:media_stream_manager.cc(1533)] MSPL::OnSpeedLimitChange({this=000062C40012ED40}, {new_limit=25})
[6812:31584:0602/220729.289:VERBOSE1:device_event_log_impl.cc(198)] [22:07:29.290] Display: EVENT: screen_win.cc:893 Displays updated, count: 1
[6812:31584:0602/220729.289:VERBOSE1:device_event_log_impl.cc(198)] [22:07:29.290] Display: EVENT: screen_win.cc:895 Display[974124475] bounds=[0,0 1536x864], workarea=[0,0 1536x816], scale=1.25, rotation=0, panel_rotation=0 external detected
[6812:28116:0602/220731.159:VERBOSE1:media_stream_manager.cc(1533)] MSPL::OnSpeedLimitChange({this=000062C40012ED40}, {new_limit=24})
[9028:13340:0602/220732.124:VERBOSE1:network_delegate.cc(36)] NetworkDelegate::NotifyBeforeURLRequest: https://optimizationguide-pa.googleapis.com/v1:GetModels?key=dummytoken
[9028:13340:0602/220732.139:VERBOSE1:tls_handshaker.cc(105)] TlsClient: Continuing handshake
[9028:13340:0602/220732.140:VERBOSE1:tls_handshaker.cc(126)] TlsClient: SSL_do_handshake returned when entering early data. After retry, rv=-1, SSL_in_early_data=1
[9028:13340:0602/220732.182:VERBOSE1:tls_handshaker.cc(105)] TlsClient: Continuing handshake
[9028:13340:0602/220732.183:VERBOSE1:tls_handshaker.cc(105)] TlsClient: Continuing handshake
[9028:13340:0602/220732.184:VERBOSE1:tls_client_handshaker.cc(528)] Client: handshake finished
[6812:28116:0602/220733.164:VERBOSE1:media_stream_manager.cc(1533)] MSPL::OnSpeedLimitChange({this=000062C40012ED40}, {new_limit=23})
[6812:28116:0602/220738.360:VERBOSE1:media_stream_manager.cc(1533)] MSPL::OnSpeedLimitChange({this=000062C40012ED40}, {new_limit=24})
[6812:31584:0602/220739.175:VERBOSE1:device_event_log_impl.cc(198)] [22:07:39.175] Display: EVENT: screen_win.cc:893 Displays updated, count: 1
[6812:31584:0602/220739.175:VERBOSE1:device_event_log_impl.cc(198)] [22:07:39.176] Display: EVENT: screen_win.cc:895 Display[974124475] bounds=[0,0 1536x864], workarea=[0,0 1536x816], scale=1.25, rotation=0, panel_rotation=0 external detected
[6812:28116:0602/220739.351:VERBOSE1:media_stream_manager.cc(1533)] MSPL::OnSpeedLimitChange({this=000062C40012ED40}, {new_limit=23})
[6812:28116:0602/220742.160:VERBOSE1:media_stream_manager.cc(1533)] MSPL::OnSpeedLimitChange({this=000062C40012ED40}, {new_limit=24})
[6812:28116:0602/220750.189:VERBOSE1:media_stream_manager.cc(1533)] MSPL::OnSpeedLimitChange({this=000062C40012ED40}, {new_limit=25})
[6812:31584:0602/220755.817:VERBOSE1:device_event_log_impl.cc(198)] [22:07:55.818] Display: EVENT: screen_win.cc:893 Displays updated, count: 1
[6812:31584:0602/220755.817:VERBOSE1:device_event_log_impl.cc(198)] [22:07:55.818] Display: EVENT: screen_win.cc:895 Display[974124475] bounds=[0,0 1536x864], workarea=[0,0 1536x816], scale=1.25, rotation=0, panel_rotation=0 external detected
[6812:28116:0602/220758.198:VERBOSE1:media_stream_manager.cc(1533)] MSPL::OnSpeedLimitChange({this=000062C40012ED40}, {new_limit=24})
[6812:28116:0602/220800.957:VERBOSE1:media_stream_manager.cc(1533)] MSPL::OnSpeedLimitChange({this=000062C40012ED40}, {new_limit=23})
[6812:31584:0602/220801.304:WARNING:page_discarding_helper.cc(138)] Discarding multiple pages with target (kb): 0
[6812:28116:0602/220803.323:VERBOSE1:media_stream_manager.cc(1533)] MSPL::OnSpeedLimitChange({this=000062C40012ED40}, {new_limit=21})
[6812:28116:0602/220805.314:VERBOSE1:media_stream_manager.cc(1533)] MSPL::OnSpeedLimitChange({this=000062C40012ED40}, {new_limit=20})
[6812:28116:0602/220811.708:VERBOSE1:media_stream_manager.cc(1533)] MSPL::OnSpeedLimitChange({this=000062C40012ED40}, {new_limit=19})
[6812:28116:0602/220811.708:VERBOSE1:media_stream_manager.cc(1533)] MSPL::OnSpeedLimitChange({this=000062C40012ED40}, {new_limit=20})
[6812:31584:0602/220811.722:WARNING:page_discarding_helper.cc(138)] Discarding multiple pages with target (kb): 0
[6812:28116:0602/220813.941:VERBOSE1:media_stream_manager.cc(1533)] MSPL::OnSpeedLimitChange({this=000062C40012ED40}, {new_limit=21})
[6812:28116:0602/220815.764:VERBOSE1:media_stream_manager.cc(1533)] MSPL::OnSpeedLimitChange({this=000062C40012ED40}, {new_limit=22})
[6812:28116:0602/220816.295:VERBOSE1:media_stream_manager.cc(1533)] MSPL::OnSpeedLimitChange({this=000062C40012ED40}, {new_limit=23})
[6812:28116:0602/220819.097:VERBOSE1:media_stream_manager.cc(1533)] MSPL::OnSpeedLimitChange({this=000062C40012ED40}, {new_limit=24})
[6812:28116:0602/220821.539:VERBOSE1:media_stream_manager.cc(1533)] MSPL::OnSpeedLimitChange({this=000062C40012ED40}, {new_limit=25})
[6812:28116:0602/220823.296:VERBOSE1:media_stream_manager.cc(1533)] MSPL::OnSpeedLimitChange({this=000062C40012ED40}, {new_limit=26})
[6812:28116:0602/220829.396:VERBOSE1:media_stream_manager.cc(1533)] MSPL::OnSpeedLimitChange({this=000062C40012ED40}, {new_limit=27})
[6812:28116:0602/220830.542:VERBOSE1:media_stream_manager.cc(1533)] MSPL::OnSpeedLimitChange({this=000062C40012ED40}, {new_limit=26})
[6812:28116:0602/220831.259:VERBOSE1:media_stream_manager.cc(1533)] MSPL::OnSpeedLimitChange({this=000062C40012ED40}, {new_limit=27})
[6812:28116:0602/220833.684:VERBOSE1:media_stream_manager.cc(1533)] MSPL::OnSpeedLimitChange({this=000062C40012ED40}, {new_limit=26})
[6812:28116:0602/220845.493:VERBOSE1:media_stream_manager.cc(1533)] MSPL::OnSpeedLimitChange({this=000062C40012ED40}, {new_limit=27})
[6812:28116:0602/220854.331:VERBOSE1:media_stream_manager.cc(1533)] MSPL::OnSpeedLimitChange({this=000062C40012ED40}, {new_limit=26})
[6812:28116:0602/220859.336:VERBOSE1:media_stream_manager.cc(1533)] MSPL::OnSpeedLimitChange({this=000062C40012ED40}, {new_limit=25})
[6812:28116:0602/220901.304:VERBOSE1:media_stream_manager.cc(1533)] MSPL::OnSpeedLimitChange({this=000062C40012ED40}, {new_limit=26})
[6812:28116:0602/220902.396:VERBOSE1:media_stream_manager.cc(1533)] MSPL::OnSpeedLimitChange({this=000062C40012ED40}, {new_limit=25})
[6812:28116:0602/220914.289:VERBOSE1:media_stream_manager.cc(1533)] MSPL::OnSpeedLimitChange({this=000062C40012ED40}, {new_limit=24})
[6812:28116:0602/220917.260:VERBOSE1:media_stream_manager.cc(1533)] MSPL::OnSpeedLimitChange({this=000062C40012ED40}, {new_limit=23})
[6812:31584:0602/220919.111:VERBOSE1:device_event_log_impl.cc(198)] [22:09:19.084] Display: EVENT: screen_win.cc:893 Displays updated, count: 1
[6812:31584:0602/220919.112:VERBOSE1:device_event_log_impl.cc(198)] [22:09:19.113] Display: EVENT: screen_win.cc:895 Display[974124475] bounds=[0,0 1536x864], workarea=[0,0 1536x816], scale=1.25, rotation=0, panel_rotation=0 external detected
[6812:28116:0602/220922.269:VERBOSE1:media_stream_manager.cc(1533)] MSPL::OnSpeedLimitChange({this=000062C40012ED40}, {new_limit=22})
[6812:28116:0602/220924.281:VERBOSE1:media_stream_manager.cc(1533)] MSPL::OnSpeedLimitChange({this=000062C40012ED40}, {new_limit=23})
[6812:28116:0602/220929.279:VERBOSE1:media_stream_manager.cc(1533)] MSPL::OnSpeedLimitChange({this=000062C40012ED40}, {new_limit=22})
[6812:28116:0602/220931.270:VERBOSE1:media_stream_manager.cc(1533)] MSPL::OnSpeedLimitChange({this=000062C40012ED40}, {new_limit=21})
[6812:28116:0602/220933.303:VERBOSE1:media_stream_manager.cc(1533)] MSPL::OnSpeedLimitChange({this=000062C40012ED40}, {new_limit=22})
[6812:28116:0602/220937.273:VERBOSE1:media_stream_manager.cc(1533)] MSPL::OnSpeedLimitChange({this=000062C40012ED40}, {new_limit=21})
[6812:28116:0602/220938.404:VERBOSE1:media_stream_manager.cc(1533)] MSPL::OnSpeedLimitChange({this=000062C40012ED40}, {new_limit=20})
[6812:31584:0602/220939.266:VERBOSE1:device_event_log_impl.cc(198)] [22:09:39.266] Display: EVENT: screen_win.cc:893 Displays updated, count: 1
[6812:31584:0602/220939.266:VERBOSE1:device_event_log_impl.cc(198)] [22:09:39.266] Display: EVENT: screen_win.cc:895 Display[974124475] bounds=[0,0 1536x864], workarea=[0,0 1536x816], scale=1.25, rotation=0, panel_rotation=0 external detected
[6812:28116:0602/220940.281:VERBOSE1:media_stream_manager.cc(1533)] MSPL::OnSpeedLimitChange({this=000062C40012ED40}, {new_limit=19})
[6812:28116:0602/220941.270:VERBOSE1:media_stream_manager.cc(1533)] MSPL::OnSpeedLimitChange({this=000062C40012ED40}, {new_limit=18})
[6812:28116:0602/220942.287:VERBOSE1:media_stream_manager.cc(1533)] MSPL::OnSpeedLimitChange({this=000062C40012ED40}, {new_limit=17})
[6812:28116:0602/220943.286:VERBOSE1:media_stream_manager.cc(1533)] MSPL::OnSpeedLimitChange({this=000062C40012ED40}, {new_limit=15})
[6812:28116:0602/220944.312:VERBOSE1:media_stream_manager.cc(1533)] MSPL::OnSpeedLimitChange({this=000062C40012ED40}, {new_limit=14})
[6812:28116:0602/220945.290:VERBOSE1:media_stream_manager.cc(1533)] MSPL::OnSpeedLimitChange({this=000062C40012ED40}, {new_limit=13})
[6812:28116:0602/220946.289:VERBOSE1:media_stream_manager.cc(1533)] MSPL::OnSpeedLimitChange({this=000062C40012ED40}, {new_limit=11})
[6812:28116:0602/220949.324:VERBOSE1:media_stream_manager.cc(1533)] MSPL::OnSpeedLimitChange({this=000062C40012ED40}, {new_limit=10})
[9028:13340:0602/221016.560:VERBOSE1:network_delegate.cc(36)] NetworkDelegate::NotifyBeforeURLRequest: https://optimizationguide-pa.googleapis.com/v1:GetModels?key=dummytoken
[9028:13340:0602/221016.647:VERBOSE1:tls_handshaker.cc(105)] TlsClient: Continuing handshake
[9028:13340:0602/221016.682:VERBOSE1:tls_handshaker.cc(105)] TlsClient: Continuing handshake
[9028:13340:0602/221016.705:VERBOSE1:tls_handshaker.cc(105)] TlsClient: Continuing handshake
[9028:13340:0602/221016.707:VERBOSE1:tls_handshaker.cc(105)] TlsClient: Continuing handshake
[9028:13340:0602/221016.739:VERBOSE1:tls_handshaker.cc(105)] TlsClient: Continuing handshake
[9028:13340:0602/221016.791:VERBOSE1:tls_handshaker.cc(105)] TlsClient: Continuing handshake
[9028:13340:0602/221016.795:VERBOSE1:tls_client_handshaker.cc(528)] Client: handshake finished
[6812:28116:0602/221124.650:VERBOSE1:media_stream_manager.cc(1533)] MSPL::OnSpeedLimitChange({this=000062C40012ED40}, {new_limit=11})
[6812:28116:0602/221125.666:VERBOSE1:media_stream_manager.cc(1533)] MSPL::OnSpeedLimitChange({this=000062C40012ED40}, {new_limit=10})
[6812:28116:0602/221143.746:VERBOSE1:media_stream_manager.cc(1533)] MSPL::OnSpeedLimitChange({this=000062C40012ED40}, {new_limit=11})
[6812:28116:0602/221144.736:VERBOSE1:media_stream_manager.cc(1533)] MSPL::OnSpeedLimitChange({this=000062C40012ED40}, {new_limit=10})
[6812:28116:0602/221156.162:VERBOSE1:media_stream_manager.cc(1533)] MSPL::OnSpeedLimitChange({this=000062C40012ED40}, {new_limit=11})
[6812:28116:0602/221156.162:VERBOSE1:media_stream_manager.cc(1533)] MSPL::OnSpeedLimitChange({this=000062C40012ED40}, {new_limit=13})
[6812:28116:0602/221156.162:VERBOSE1:media_stream_manager.cc(1533)] MSPL::OnSpeedLimitChange({this=000062C40012ED40}, {new_limit=15})
[6812:28116:0602/221156.162:VERBOSE1:media_stream_manager.cc(1533)] MSPL::OnSpeedLimitChange({this=000062C40012ED40}, {new_limit=16})
[6812:28116:0602/221202.746:VERBOSE1:media_stream_manager.cc(1533)] MSPL::OnSpeedLimitChange({this=000062C40012ED40}, {new_limit=15})
[6812:28116:0602/221203.771:VERBOSE1:media_stream_manager.cc(1533)] MSPL::OnSpeedLimitChange({this=000062C40012ED40}, {new_limit=13})
[6812:28116:0602/221204.766:VERBOSE1:media_stream_manager.cc(1533)] MSPL::OnSpeedLimitChange({this=000062C40012ED40}, {new_limit=11})
[6812:28116:0602/221205.758:VERBOSE1:media_stream_manager.cc(1533)] MSPL::OnSpeedLimitChange({this=000062C40012ED40}, {new_limit=10})
[9028:13340:0602/221247.227:VERBOSE1:network_delegate.cc(36)] NetworkDelegate::NotifyBeforeURLRequest: https://optimizationguide-pa.googleapis.com/v1:GetModels?key=dummytoken
[9028:13340:0602/221247.253:VERBOSE1:tls_handshaker.cc(105)] TlsClient: Continuing handshake
[9028:13340:0602/221247.255:VERBOSE1:tls_handshaker.cc(126)] TlsClient: SSL_do_handshake returned when entering early data. After retry, rv=-1, SSL_in_early_data=1
[9028:13340:0602/221247.312:VERBOSE1:tls_handshaker.cc(105)] TlsClient: Continuing handshake
[9028:13340:0602/221247.313:VERBOSE1:tls_handshaker.cc(105)] TlsClient: Continuing handshake
[9028:13340:0602/221247.314:VERBOSE1:tls_client_handshaker.cc(528)] Client: handshake finished
[6812:28116:0602/221321.065:VERBOSE1:media_stream_manager.cc(1533)] MSPL::OnSpeedLimitChange({this=000062C40012ED40}, {new_limit=11})
[6812:28116:0602/221328.100:VERBOSE1:media_stream_manager.cc(1533)] MSPL::OnSpeedLimitChange({this=000062C40012ED40}, {new_limit=10})
[6812:28116:0602/221353.173:VERBOSE1:media_stream_manager.cc(1533)] MSPL::OnSpeedLimitChange({this=000062C40012ED40}, {new_limit=11})
[6812:28116:0602/221357.172:VERBOSE1:media_stream_manager.cc(1533)] MSPL::OnSpeedLimitChange({this=000062C40012ED40}, {new_limit=10})
[6812:28116:0602/221409.205:VERBOSE1:media_stream_manager.cc(1533)] MSPL::OnSpeedLimitChange({this=000062C40012ED40}, {new_limit=11})
[6812:28116:0602/221416.236:VERBOSE1:media_stream_manager.cc(1533)] MSPL::OnSpeedLimitChange({this=000062C40012ED40}, {new_limit=13})
[6812:28116:0602/221418.372:VERBOSE1:media_stream_manager.cc(1533)] MSPL::OnSpeedLimitChange({this=000062C40012ED40}, {new_limit=14})
[6812:28116:0602/221420.229:VERBOSE1:media_stream_manager.cc(1533)] MSPL::OnSpeedLimitChange({this=000062C40012ED40}, {new_limit=15})
[6812:28116:0602/221424.260:VERBOSE1:media_stream_manager.cc(1533)] MSPL::OnSpeedLimitChange({this=000062C40012ED40}, {new_limit=16})
[6812:28116:0602/221426.291:VERBOSE1:media_stream_manager.cc(1533)] MSPL::OnSpeedLimitChange({this=000062C40012ED40}, {new_limit=15})
[6812:28116:0602/221428.241:VERBOSE1:media_stream_manager.cc(1533)] MSPL::OnSpeedLimitChange({this=000062C40012ED40}, {new_limit=14})
[6812:28116:0602/221430.243:VERBOSE1:media_stream_manager.cc(1533)] MSPL::OnSpeedLimitChange({this=000062C40012ED40}, {new_limit=13})
[6812:28116:0602/221433.247:VERBOSE1:media_stream_manager.cc(1533)] MSPL::OnSpeedLimitChange({this=000062C40012ED40}, {new_limit=14})
[6812:28116:0602/221436.260:VERBOSE1:media_stream_manager.cc(1533)] MSPL::OnSpeedLimitChange({this=000062C40012ED40}, {new_limit=15})
[6812:28116:0602/221438.362:VERBOSE1:media_stream_manager.cc(1533)] MSPL::OnSpeedLimitChange({this=000062C40012ED40}, {new_limit=16})
[6812:28116:0602/221439.329:VERBOSE1:media_stream_manager.cc(1533)] MSPL::OnSpeedLimitChange({this=000062C40012ED40}, {new_limit=17})
[6812:28116:0602/221440.267:VERBOSE1:media_stream_manager.cc(1533)] MSPL::OnSpeedLimitChange({this=000062C40012ED40}, {new_limit=16})
[6812:28116:0602/221443.257:VERBOSE1:media_stream_manager.cc(1533)] MSPL::OnSpeedLimitChange({this=000062C40012ED40}, {new_limit=15})
[6812:28116:0602/221444.309:VERBOSE1:media_stream_manager.cc(1533)] MSPL::OnSpeedLimitChange({this=000062C40012ED40}, {new_limit=14})
[6812:28116:0602/221446.306:VERBOSE1:media_stream_manager.cc(1533)] MSPL::OnSpeedLimitChange({this=000062C40012ED40}, {new_limit=12})
[6812:28116:0602/221447.478:VERBOSE1:media_stream_manager.cc(1533)] MSPL::OnSpeedLimitChange({this=000062C40012ED40}, {new_limit=13})
[6812:28116:0602/221449.278:VERBOSE1:media_stream_manager.cc(1533)] MSPL::OnSpeedLimitChange({this=000062C40012ED40}, {new_limit=14})
[6812:28116:0602/221450.285:VERBOSE1:media_stream_manager.cc(1533)] MSPL::OnSpeedLimitChange({this=000062C40012ED40}, {new_limit=15})
[6812:28116:0602/221451.292:VERBOSE1:media_stream_manager.cc(1533)] MSPL::OnSpeedLimitChange({this=000062C40012ED40}, {new_limit=16})
[6812:28116:0602/221452.359:VERBOSE1:media_stream_manager.cc(1533)] MSPL::OnSpeedLimitChange({this=000062C40012ED40}, {new_limit=17})
[6812:28116:0602/221453.296:VERBOSE1:media_stream_manager.cc(1533)] MSPL::OnSpeedLimitChange({this=000062C40012ED40}, {new_limit=19})
[6812:28116:0602/221454.377:VERBOSE1:media_stream_manager.cc(1533)] MSPL::OnSpeedLimitChange({this=000062C40012ED40}, {new_limit=20})
[6812:28116:0602/221455.303:VERBOSE1:media_stream_manager.cc(1533)] MSPL::OnSpeedLimitChange({this=000062C40012ED40}, {new_limit=22})
[6812:28116:0602/221456.284:VERBOSE1:media_stream_manager.cc(1533)] MSPL::OnSpeedLimitChange({this=000062C40012ED40}, {new_limit=23})
[6812:28116:0602/221458.282:VERBOSE1:media_stream_manager.cc(1533)] MSPL::OnSpeedLimitChange({this=000062C40012ED40}, {new_limit=22})
[6812:28116:0602/221501.283:VERBOSE1:media_stream_manager.cc(1533)] MSPL::OnSpeedLimitChange({this=000062C40012ED40}, {new_limit=21})
[6812:28116:0602/221503.311:VERBOSE1:media_stream_manager.cc(1533)] MSPL::OnSpeedLimitChange({this=000062C40012ED40}, {new_limit=20})
[6812:28116:0602/221504.344:VERBOSE1:media_stream_manager.cc(1533)] MSPL::OnSpeedLimitChange({this=000062C40012ED40}, {new_limit=19})
[6812:28116:0602/221505.286:VERBOSE1:media_stream_manager.cc(1533)] MSPL::OnSpeedLimitChange({this=000062C40012ED40}, {new_limit=18})
[6812:28116:0602/221506.318:VERBOSE1:media_stream_manager.cc(1533)] MSPL::OnSpeedLimitChange({this=000062C40012ED40}, {new_limit=17})
[6812:28116:0602/221507.291:VERBOSE1:media_stream_manager.cc(1533)] MSPL::OnSpeedLimitChange({this=000062C40012ED40}, {new_limit=16})
[6812:28116:0602/221508.280:VERBOSE1:media_stream_manager.cc(1533)] MSPL::OnSpeedLimitChange({this=000062C40012ED40}, {new_limit=15})
[6812:28116:0602/221510.372:VERBOSE1:media_stream_manager.cc(1533)] MSPL::OnSpeedLimitChange({this=000062C40012ED40}, {new_limit=16})
[6812:28116:0602/221511.312:VERBOSE1:media_stream_manager.cc(1533)] MSPL::OnSpeedLimitChange({this=000062C40012ED40}, {new_limit=18})
[6812:28116:0602/221512.290:VERBOSE1:media_stream_manager.cc(1533)] MSPL::OnSpeedLimitChange({this=000062C40012ED40}, {new_limit=17})
[6812:28116:0602/221513.305:VERBOSE1:media_stream_manager.cc(1533)] MSPL::OnSpeedLimitChange({this=000062C40012ED40}, {new_limit=18})
[6812:28116:0602/221514.292:VERBOSE1:media_stream_manager.cc(1533)] MSPL::OnSpeedLimitChange({this=000062C40012ED40}, {new_limit=19})
[6812:28116:0602/221515.368:VERBOSE1:media_stream_manager.cc(1533)] MSPL::OnSpeedLimitChange({this=000062C40012ED40}, {new_limit=20})
[6812:28116:0602/221516.372:VERBOSE1:media_stream_manager.cc(1533)] MSPL::OnSpeedLimitChange({this=000062C40012ED40}, {new_limit=21})
[6812:28116:0602/221517.509:VERBOSE1:media_stream_manager.cc(1533)] MSPL::OnSpeedLimitChange({this=000062C40012ED40}, {new_limit=23})
[6812:28116:0602/221518.660:VERBOSE1:media_stream_manager.cc(1533)] MSPL::OnSpeedLimitChange({this=000062C40012ED40}, {new_limit=24})
[6812:28116:0602/221520.299:VERBOSE1:media_stream_manager.cc(1533)] MSPL::OnSpeedLimitChange({this=000062C40012ED40}, {new_limit=23})
[6812:28116:0602/221526.297:VERBOSE1:media_stream_manager.cc(1533)] MSPL::OnSpeedLimitChange({this=000062C40012ED40}, {new_limit=22})
[6812:28116:0602/221534.332:VERBOSE1:media_stream_manager.cc(1533)] MSPL::OnSpeedLimitChange({this=000062C40012ED40}, {new_limit=21})
[6812:28116:0602/221535.319:VERBOSE1:media_stream_manager.cc(1533)] MSPL::OnSpeedLimitChange({this=000062C40012ED40}, {new_limit=20})
[6812:28116:0602/221537.320:VERBOSE1:media_stream_manager.cc(1533)] MSPL::OnSpeedLimitChange({this=000062C40012ED40}, {new_limit=19})
[6812:28116:0602/221538.331:VERBOSE1:media_stream_manager.cc(1533)] MSPL::OnSpeedLimitChange({this=000062C40012ED40}, {new_limit=18})
[6812:28116:0602/221540.317:VERBOSE1:media_stream_manager.cc(1533)] MSPL::OnSpeedLimitChange({this=000062C40012ED40}, {new_limit=17})
[6812:28116:0602/221542.339:VERBOSE1:media_stream_manager.cc(1533)] MSPL::OnSpeedLimitChange({this=000062C40012ED40}, {new_limit=16})
[6812:28116:0602/221543.317:VERBOSE1:media_stream_manager.cc(1533)] MSPL::OnSpeedLimitChange({this=000062C40012ED40}, {new_limit=15})
[6812:28116:0602/221544.318:VERBOSE1:media_stream_manager.cc(1533)] MSPL::OnSpeedLimitChange({this=000062C40012ED40}, {new_limit=14})
[9028:13340:0602/221545.815:VERBOSE1:network_delegate.cc(36)] NetworkDelegate::NotifyBeforeURLRequest: https://optimizationguide-pa.googleapis.com/v1:GetModels?key=dummytoken
[9028:13340:0602/221545.834:VERBOSE1:tls_handshaker.cc(105)] TlsClient: Continuing handshake
[9028:13340:0602/221545.836:VERBOSE1:tls_handshaker.cc(126)] TlsClient: SSL_do_handshake returned when entering early data. After retry, rv=-1, SSL_in_early_data=1
[9028:13340:0602/221545.875:VERBOSE1:tls_handshaker.cc(105)] TlsClient: Continuing handshake
[9028:13340:0602/221545.875:VERBOSE1:tls_handshaker.cc(105)] TlsClient: Continuing handshake
[9028:13340:0602/221545.875:VERBOSE1:tls_client_handshaker.cc(528)] Client: handshake finished
[6812:28116:0602/221546.338:VERBOSE1:media_stream_manager.cc(1533)] MSPL::OnSpeedLimitChange({this=000062C40012ED40}, {new_limit=13})
[6812:28116:0602/221549.349:VERBOSE1:media_stream_manager.cc(1533)] MSPL::OnSpeedLimitChange({this=000062C40012ED40}, {new_limit=12})
[6812:28116:0602/221550.363:VERBOSE1:media_stream_manager.cc(1533)] MSPL::OnSpeedLimitChange({this=000062C40012ED40}, {new_limit=11})
[6812:28116:0602/221551.361:VERBOSE1:media_stream_manager.cc(1533)] MSPL::OnSpeedLimitChange({this=000062C40012ED40}, {new_limit=10})
[6812:28116:0602/221617.421:VERBOSE1:media_stream_manager.cc(1533)] MSPL::OnSpeedLimitChange({this=000062C40012ED40}, {new_limit=11})
[6812:28116:0602/221628.471:VERBOSE1:media_stream_manager.cc(1533)] MSPL::OnSpeedLimitChange({this=000062C40012ED40}, {new_limit=10})
[6812:28116:0602/221632.496:VERBOSE1:media_stream_manager.cc(1533)] MSPL::OnSpeedLimitChange({this=000062C40012ED40}, {new_limit=11})
[6812:28116:0602/221636.502:VERBOSE1:media_stream_manager.cc(1533)] MSPL::OnSpeedLimitChange({this=000062C40012ED40}, {new_limit=12})
[6812:28116:0602/221639.509:VERBOSE1:media_stream_manager.cc(1533)] MSPL::OnSpeedLimitChange({this=000062C40012ED40}, {new_limit=13})
[6812:28116:0602/221640.558:VERBOSE1:media_stream_manager.cc(1533)] MSPL::OnSpeedLimitChange({this=000062C40012ED40}, {new_limit=14})
[6812:28116:0602/221641.598:VERBOSE1:media_stream_manager.cc(1533)] MSPL::OnSpeedLimitChange({this=000062C40012ED40}, {new_limit=16})
[6812:28116:0602/221642.513:VERBOSE1:media_stream_manager.cc(1533)] MSPL::OnSpeedLimitChange({this=000062C40012ED40}, {new_limit=15})
[6812:28116:0602/221643.529:VERBOSE1:media_stream_manager.cc(1533)] MSPL::OnSpeedLimitChange({this=000062C40012ED40}, {new_limit=16})
[6812:28116:0602/221645.588:VERBOSE1:media_stream_manager.cc(1533)] MSPL::OnSpeedLimitChange({this=000062C40012ED40}, {new_limit=17})
[6812:28116:0602/221653.049:VERBOSE1:media_stream_manager.cc(1533)] MSPL::OnSpeedLimitChange({this=000062C40012ED40}, {new_limit=18})
[6812:28116:0602/221653.049:VERBOSE1:media_stream_manager.cc(1533)] MSPL::OnSpeedLimitChange({this=000062C40012ED40}, {new_limit=20})
[6812:28116:0602/221653.049:VERBOSE1:media_stream_manager.cc(1533)] MSPL::OnSpeedLimitChange({this=000062C40012ED40}, {new_limit=21})
[6812:28116:0602/221653.049:VERBOSE1:media_stream_manager.cc(1533)] MSPL::OnSpeedLimitChange({this=000062C40012ED40}, {new_limit=22})
[6812:28116:0602/221653.049:VERBOSE1:media_stream_manager.cc(1533)] MSPL::OnSpeedLimitChange({this=000062C40012ED40}, {new_limit=23})
[6812:28116:0602/221654.002:VERBOSE1:media_stream_manager.cc(1533)] MSPL::OnSpeedLimitChange({this=000062C40012ED40}, {new_limit=24})
[6812:28116:0602/221655.520:VERBOSE1:media_stream_manager.cc(1533)] MSPL::OnSpeedLimitChange({this=000062C40012ED40}, {new_limit=23})
[6812:28116:0602/221656.540:VERBOSE1:media_stream_manager.cc(1533)] MSPL::OnSpeedLimitChange({this=000062C40012ED40}, {new_limit=22})
[6812:28116:0602/221658.538:VERBOSE1:media_stream_manager.cc(1533)] MSPL::OnSpeedLimitChange({this=000062C40012ED40}, {new_limit=21})
[6812:28116:0602/221700.601:VERBOSE1:media_stream_manager.cc(1533)] MSPL::OnSpeedLimitChange({this=000062C40012ED40}, {new_limit=20})
[6812:31584:0602/221703.499:VERBOSE1:device_event_log_impl.cc(198)] [22:17:03.468] Display: EVENT: screen_win.cc:893 Displays updated, count: 1
[6812:31584:0602/221703.501:VERBOSE1:device_event_log_impl.cc(198)] [22:17:03.501] Display: EVENT: screen_win.cc:895 Display[974124475] bounds=[0,0 1536x864], workarea=[0,0 1536x816], scale=1.25, rotation=0, panel_rotation=0 external detected
[6812:28116:0602/221705.556:VERBOSE1:media_stream_manager.cc(1533)] MSPL::OnSpeedLimitChange({this=000062C40012ED40}, {new_limit=21})
[6812:28116:0602/221706.565:VERBOSE1:media_stream_manager.cc(1533)] MSPL::OnSpeedLimitChange({this=000062C40012ED40}, {new_limit=22})
[6812:28116:0602/221707.524:VERBOSE1:media_stream_manager.cc(1533)] MSPL::OnSpeedLimitChange({this=000062C40012ED40}, {new_limit=23})
[6812:28116:0602/221710.522:VERBOSE1:media_stream_manager.cc(1533)] MSPL::OnSpeedLimitChange({this=000062C40012ED40}, {new_limit=24})
[6812:28116:0602/221711.594:VERBOSE1:media_stream_manager.cc(1533)] MSPL::OnSpeedLimitChange({this=000062C40012ED40}, {new_limit=25})
[6812:28116:0602/221714.585:VERBOSE1:media_stream_manager.cc(1533)] MSPL::OnSpeedLimitChange({this=000062C40012ED40}, {new_limit=26})
[6812:28116:0602/221716.528:VERBOSE1:media_stream_manager.cc(1533)] MSPL::OnSpeedLimitChange({this=000062C40012ED40}, {new_limit=27})
[6812:28116:0602/221717.597:VERBOSE1:media_stream_manager.cc(1533)] MSPL::OnSpeedLimitChange({this=000062C40012ED40}, {new_limit=26})
[6812:28116:0602/221723.582:VERBOSE1:media_stream_manager.cc(1533)] MSPL::OnSpeedLimitChange({this=000062C40012ED40}, {new_limit=25})
[6812:28116:0602/221725.550:VERBOSE1:media_stream_manager.cc(1533)] MSPL::OnSpeedLimitChange({this=000062C40012ED40}, {new_limit=23})
[6812:28116:0602/221726.537:VERBOSE1:media_stream_manager.cc(1533)] MSPL::OnSpeedLimitChange({this=000062C40012ED40}, {new_limit=22})
[6812:28116:0602/221727.582:VERBOSE1:media_stream_manager.cc(1533)] MSPL::OnSpeedLimitChange({this=000062C40012ED40}, {new_limit=21})
[6812:28116:0602/221730.615:VERBOSE1:media_stream_manager.cc(1533)] MSPL::OnSpeedLimitChange({this=000062C40012ED40}, {new_limit=20})
[6812:31584:0602/221731.558:VERBOSE1:device_event_log_impl.cc(198)] [22:17:31.558] Display: EVENT: screen_win.cc:893 Displays updated, count: 1
[6812:31584:0602/221731.558:VERBOSE1:device_event_log_impl.cc(198)] [22:17:31.558] Display: EVENT: screen_win.cc:895 Display[974124475] bounds=[0,0 1536x864], workarea=[0,0 1536x816], scale=1.25, rotation=0, panel_rotation=0 external detected
[6812:28116:0602/221735.564:VERBOSE1:media_stream_manager.cc(1533)] MSPL::OnSpeedLimitChange({this=000062C40012ED40}, {new_limit=21})
[6812:28116:0602/221742.750:VERBOSE1:media_stream_manager.cc(1533)] MSPL::OnSpeedLimitChange({this=000062C40012ED40}, {new_limit=22})
[6812:28116:0602/221743.747:VERBOSE1:media_stream_manager.cc(1533)] MSPL::OnSpeedLimitChange({this=000062C40012ED40}, {new_limit=23})
[6812:31584:0602/221744.475:VERBOSE1:device_event_log_impl.cc(198)] [22:17:44.465] Display: EVENT: screen_win.cc:893 Displays updated, count: 1
[6812:31584:0602/221744.475:VERBOSE1:device_event_log_impl.cc(198)] [22:17:44.475] Display: EVENT: screen_win.cc:895 Display[974124475] bounds=[0,0 1536x864], workarea=[0,0 1536x816], scale=1.25, rotation=0, panel_rotation=0 external detected
[6812:28116:0602/221745.578:VERBOSE1:media_stream_manager.cc(1533)] MSPL::OnSpeedLimitChange({this=000062C40012ED40}, {new_limit=22})
[6812:28116:0602/221746.592:VERBOSE1:media_stream_manager.cc(1533)] MSPL::OnSpeedLimitChange({this=000062C40012ED40}, {new_limit=23})
[6812:28116:0602/221748.736:VERBOSE1:media_stream_manager.cc(1533)] MSPL::OnSpeedLimitChange({this=000062C40012ED40}, {new_limit=24})
[6812:28116:0602/221753.671:VERBOSE1:media_stream_manager.cc(1533)] MSPL::OnSpeedLimitChange({this=000062C40012ED40}, {new_limit=23})
[6812:28116:0602/221754.592:VERBOSE1:media_stream_manager.cc(1533)] MSPL::OnSpeedLimitChange({this=000062C40012ED40}, {new_limit=22})
[6812:28116:0602/221755.626:VERBOSE1:media_stream_manager.cc(1533)] MSPL::OnSpeedLimitChange({this=000062C40012ED40}, {new_limit=21})
[6812:28116:0602/221757.627:VERBOSE1:media_stream_manager.cc(1533)] MSPL::OnSpeedLimitChange({this=000062C40012ED40}, {new_limit=20})
[6812:28116:0602/221758.613:VERBOSE1:media_stream_manager.cc(1533)] MSPL::OnSpeedLimitChange({this=000062C40012ED40}, {new_limit=18})
[6812:28116:0602/221759.613:VERBOSE1:media_stream_manager.cc(1533)] MSPL::OnSpeedLimitChange({this=000062C40012ED40}, {new_limit=17})
[6812:28116:0602/221800.625:VERBOSE1:media_stream_manager.cc(1533)] MSPL::OnSpeedLimitChange({this=000062C40012ED40}, {new_limit=15})
[6812:28116:0602/221801.660:VERBOSE1:media_stream_manager.cc(1533)] MSPL::OnSpeedLimitChange({this=000062C40012ED40}, {new_limit=14})
[6812:28116:0602/221802.617:VERBOSE1:media_stream_manager.cc(1533)] MSPL::OnSpeedLimitChange({this=000062C40012ED40}, {new_limit=13})
[6812:28116:0602/221804.617:VERBOSE1:media_stream_manager.cc(1533)] MSPL::OnSpeedLimitChange({this=000062C40012ED40}, {new_limit=14})
[6812:28116:0602/221805.625:VERBOSE1:media_stream_manager.cc(1533)] MSPL::OnSpeedLimitChange({this=000062C40012ED40}, {new_limit=16})
[6812:28116:0602/221806.615:VERBOSE1:media_stream_manager.cc(1533)] MSPL::OnSpeedLimitChange({this=000062C40012ED40}, {new_limit=17})
[6812:28116:0602/221807.617:VERBOSE1:media_stream_manager.cc(1533)] MSPL::OnSpeedLimitChange({this=000062C40012ED40}, {new_limit=18})
[6812:28116:0602/221808.631:VERBOSE1:media_stream_manager.cc(1533)] MSPL::OnSpeedLimitChange({this=000062C40012ED40}, {new_limit=19})
[6812:28116:0602/221809.617:VERBOSE1:media_stream_manager.cc(1533)] MSPL::OnSpeedLimitChange({this=000062C40012ED40}, {new_limit=20})
[6812:28116:0602/221810.629:VERBOSE1:media_stream_manager.cc(1533)] MSPL::OnSpeedLimitChange({this=000062C40012ED40}, {new_limit=22})
[6812:28116:0602/221811.619:VERBOSE1:media_stream_manager.cc(1533)] MSPL::OnSpeedLimitChange({this=000062C40012ED40}, {new_limit=24})
[6812:28116:0602/221812.630:VERBOSE1:media_stream_manager.cc(1533)] MSPL::OnSpeedLimitChange({this=000062C40012ED40}, {new_limit=25})
[6812:28116:0602/221813.619:VERBOSE1:media_stream_manager.cc(1533)] MSPL::OnSpeedLimitChange({this=000062C40012ED40}, {new_limit=26})
[6812:28116:0602/221814.618:VERBOSE1:media_stream_manager.cc(1533)] MSPL::OnSpeedLimitChange({this=000062C40012ED40}, {new_limit=25})
[6812:31584:0602/221818.674:VERBOSE1:device_event_log_impl.cc(198)] [22:18:18.674] Display: EVENT: screen_win.cc:893 Displays updated, count: 1
[6812:31584:0602/221818.675:VERBOSE1:device_event_log_impl.cc(198)] [22:18:18.674] Display: EVENT: screen_win.cc:895 Display[974124475] bounds=[0,0 1536x864], workarea=[0,0 1536x816], scale=1.25, rotation=0, panel_rotation=0 external detected
[6812:28116:0602/221819.619:VERBOSE1:media_stream_manager.cc(1533)] MSPL::OnSpeedLimitChange({this=000062C40012ED40}, {new_limit=24})
[6812:28116:0602/221820.654:VERBOSE1:media_stream_manager.cc(1533)] MSPL::OnSpeedLimitChange({this=000062C40012ED40}, {new_limit=23})
[6812:28116:0602/221821.651:VERBOSE1:media_stream_manager.cc(1533)] MSPL::OnSpeedLimitChange({this=000062C40012ED40}, {new_limit=22})
[6812:28116:0602/221822.660:VERBOSE1:media_stream_manager.cc(1533)] MSPL::OnSpeedLimitChange({this=000062C40012ED40}, {new_limit=20})
[6812:28116:0602/221823.654:VERBOSE1:media_stream_manager.cc(1533)] MSPL::OnSpeedLimitChange({this=000062C40012ED40}, {new_limit=19})
[6812:28116:0602/221824.666:VERBOSE1:media_stream_manager.cc(1533)] MSPL::OnSpeedLimitChange({this=000062C40012ED40}, {new_limit=18})
[6812:28116:0602/221825.640:VERBOSE1:media_stream_manager.cc(1533)] MSPL::OnSpeedLimitChange({this=000062C40012ED40}, {new_limit=17})
[6812:28116:0602/221826.725:VERBOSE1:media_stream_manager.cc(1533)] MSPL::OnSpeedLimitChange({this=000062C40012ED40}, {new_limit=15})
[6812:28116:0602/221828.644:VERBOSE1:media_stream_manager.cc(1533)] MSPL::OnSpeedLimitChange({this=000062C40012ED40}, {new_limit=14})
[6812:28116:0602/221830.682:VERBOSE1:media_stream_manager.cc(1533)] MSPL::OnSpeedLimitChange({this=000062C40012ED40}, {new_limit=15})
[6812:28116:0602/221834.665:VERBOSE1:media_stream_manager.cc(1533)] MSPL::OnSpeedLimitChange({this=000062C40012ED40}, {new_limit=14})
[6812:28116:0602/221835.683:VERBOSE1:media_stream_manager.cc(1533)] MSPL::OnSpeedLimitChange({this=000062C40012ED40}, {new_limit=13})
[9028:13340:0602/221836.808:VERBOSE1:network_delegate.cc(36)] NetworkDelegate::NotifyBeforeURLRequest: https://optimizationguide-pa.googleapis.com/v1:GetModels?key=dummytoken
[9028:13340:0602/221836.818:VERBOSE1:tls_handshaker.cc(105)] TlsClient: Continuing handshake
[9028:13340:0602/221836.819:VERBOSE1:tls_handshaker.cc(126)] TlsClient: SSL_do_handshake returned when entering early data. After retry, rv=-1, SSL_in_early_data=1
[9028:13340:0602/221836.869:VERBOSE1:tls_handshaker.cc(105)] TlsClient: Continuing handshake
[9028:13340:0602/221836.869:VERBOSE1:tls_handshaker.cc(105)] TlsClient: Continuing handshake
[9028:13340:0602/221836.869:VERBOSE1:tls_client_handshaker.cc(528)] Client: handshake finished
[6812:28116:0602/221838.711:VERBOSE1:media_stream_manager.cc(1533)] MSPL::OnSpeedLimitChange({this=000062C40012ED40}, {new_limit=12})
[6812:28116:0602/221843.685:VERBOSE1:media_stream_manager.cc(1533)] MSPL::OnSpeedLimitChange({this=000062C40012ED40}, {new_limit=13})
[6812:31584:0602/221844.467:VERBOSE1:device_event_log_impl.cc(198)] [22:18:44.467] Display: EVENT: screen_win.cc:893 Displays updated, count: 1
[6812:31584:0602/221844.467:VERBOSE1:device_event_log_impl.cc(198)] [22:18:44.467] Display: EVENT: screen_win.cc:895 Display[974124475] bounds=[0,0 1536x864], workarea=[0,0 1536x816], scale=1.25, rotation=0, panel_rotation=0 external detected
[6812:28116:0602/221844.719:VERBOSE1:media_stream_manager.cc(1533)] MSPL::OnSpeedLimitChange({this=000062C40012ED40}, {new_limit=14})
[6812:28116:0602/221845.702:VERBOSE1:media_stream_manager.cc(1533)] MSPL::OnSpeedLimitChange({this=000062C40012ED40}, {new_limit=15})
[6812:28116:0602/221846.698:VERBOSE1:media_stream_manager.cc(1533)] MSPL::OnSpeedLimitChange({this=000062C40012ED40}, {new_limit=16})
[6812:28116:0602/221848.750:VERBOSE1:media_stream_manager.cc(1533)] MSPL::OnSpeedLimitChange({this=000062C40012ED40}, {new_limit=17})
[6812:28116:0602/221850.722:VERBOSE1:media_stream_manager.cc(1533)] MSPL::OnSpeedLimitChange({this=000062C40012ED40}, {new_limit=18})
[6812:28116:0602/221852.727:VERBOSE1:media_stream_manager.cc(1533)] MSPL::OnSpeedLimitChange({this=000062C40012ED40}, {new_limit=19})
[6812:28116:0602/221853.730:VERBOSE1:media_stream_manager.cc(1533)] MSPL::OnSpeedLimitChange({this=000062C40012ED40}, {new_limit=18})
[6812:28116:0602/221854.703:VERBOSE1:media_stream_manager.cc(1533)] MSPL::OnSpeedLimitChange({this=000062C40012ED40}, {new_limit=19})
[6812:28116:0602/221855.901:VERBOSE1:media_stream_manager.cc(1533)] MSPL::OnSpeedLimitChange({this=000062C40012ED40}, {new_limit=20})
[6812:28116:0602/221856.714:VERBOSE1:media_stream_manager.cc(1533)] MSPL::OnSpeedLimitChange({this=000062C40012ED40}, {new_limit=19})
[6812:28116:0602/221857.725:VERBOSE1:media_stream_manager.cc(1533)] MSPL::OnSpeedLimitChange({this=000062C40012ED40}, {new_limit=18})
[6812:28116:0602/221858.728:VERBOSE1:media_stream_manager.cc(1533)] MSPL::OnSpeedLimitChange({this=000062C40012ED40}, {new_limit=17})
[6812:28116:0602/221859.712:VERBOSE1:media_stream_manager.cc(1533)] MSPL::OnSpeedLimitChange({this=000062C40012ED40}, {new_limit=16})
[6812:28116:0602/221900.712:VERBOSE1:media_stream_manager.cc(1533)] MSPL::OnSpeedLimitChange({this=000062C40012ED40}, {new_limit=15})
[6812:28116:0602/221902.716:VERBOSE1:media_stream_manager.cc(1533)] MSPL::OnSpeedLimitChange({this=000062C40012ED40}, {new_limit=14})
[6812:28116:0602/221903.725:VERBOSE1:media_stream_manager.cc(1533)] MSPL::OnSpeedLimitChange({this=000062C40012ED40}, {new_limit=13})
[6812:28116:0602/221904.731:VERBOSE1:media_stream_manager.cc(1533)] MSPL::OnSpeedLimitChange({this=000062C40012ED40}, {new_limit=11})
[6812:28116:0602/221905.713:VERBOSE1:media_stream_manager.cc(1533)] MSPL::OnSpeedLimitChange({this=000062C40012ED40}, {new_limit=10})
[6812:31584:0602/221922.700:VERBOSE1:device_event_log_impl.cc(198)] [22:19:22.700] Display: EVENT: screen_win.cc:893 Displays updated, count: 1
[6812:31584:0602/221922.700:VERBOSE1:device_event_log_impl.cc(198)] [22:19:22.700] Display: EVENT: screen_win.cc:895 Display[974124475] bounds=[0,0 1536x864], workarea=[0,0 1536x816], scale=1.25, rotation=0, panel_rotation=0 external detected
[6812:28116:0602/221922.971:VERBOSE1:media_stream_manager.cc(1533)] MSPL::OnSpeedLimitChange({this=000062C40012ED40}, {new_limit=12})
[6812:28116:0602/221924.931:VERBOSE1:media_stream_manager.cc(1533)] MSPL::OnSpeedLimitChange({this=000062C40012ED40}, {new_limit=13})
[6812:28116:0602/221925.918:VERBOSE1:media_stream_manager.cc(1533)] MSPL::OnSpeedLimitChange({this=000062C40012ED40}, {new_limit=14})
[6812:28116:0602/221926.928:VERBOSE1:media_stream_manager.cc(1533)] MSPL::OnSpeedLimitChange({this=000062C40012ED40}, {new_limit=15})
[6812:28116:0602/221927.927:VERBOSE1:media_stream_manager.cc(1533)] MSPL::OnSpeedLimitChange({this=000062C40012ED40}, {new_limit=17})
[6812:28116:0602/221928.924:VERBOSE1:media_stream_manager.cc(1533)] MSPL::OnSpeedLimitChange({this=000062C40012ED40}, {new_limit=18})
[6812:28116:0602/221929.920:VERBOSE1:media_stream_manager.cc(1533)] MSPL::OnSpeedLimitChange({this=000062C40012ED40}, {new_limit=20})
[6812:28116:0602/221930.924:VERBOSE1:media_stream_manager.cc(1533)] MSPL::OnSpeedLimitChange({this=000062C40012ED40}, {new_limit=21})
[6812:28116:0602/221931.919:VERBOSE1:media_stream_manager.cc(1533)] MSPL::OnSpeedLimitChange({this=000062C40012ED40}, {new_limit=23})
[6812:28116:0602/221933.920:VERBOSE1:media_stream_manager.cc(1533)] MSPL::OnSpeedLimitChange({this=000062C40012ED40}, {new_limit=25})
[6812:28116:0602/221935.919:VERBOSE1:media_stream_manager.cc(1533)] MSPL::OnSpeedLimitChange({this=000062C40012ED40}, {new_limit=26})
[6812:31584:0602/221938.128:VERBOSE1:device_event_log_impl.cc(198)] [22:19:38.127] Display: EVENT: screen_win.cc:893 Displays updated, count: 1
[6812:31584:0602/221938.128:VERBOSE1:device_event_log_impl.cc(198)] [22:19:38.127] Display: EVENT: screen_win.cc:895 Display[974124475] bounds=[0,0 1536x864], workarea=[0,0 1536x816], scale=1.25, rotation=0, panel_rotation=0 external detected
[6812:28116:0602/221939.868:VERBOSE1:media_stream_manager.cc(1533)] MSPL::OnSpeedLimitChange({this=000062C40012ED40}, {new_limit=25})
[6812:28116:0602/221941.864:VERBOSE1:media_stream_manager.cc(1533)] MSPL::OnSpeedLimitChange({this=000062C40012ED40}, {new_limit=24})
[6812:31584:0602/221943.000:VERBOSE1:device_event_log_impl.cc(198)] [22:19:42.999] Display: EVENT: screen_win.cc:893 Displays updated, count: 1
[6812:31584:0602/221943.000:VERBOSE1:device_event_log_impl.cc(198)] [22:19:42.999] Display: EVENT: screen_win.cc:895 Display[974124475] bounds=[0,0 1536x864], workarea=[0,0 1536x816], scale=1.25, rotation=0, panel_rotation=0 external detected
[6812:28116:0602/221943.809:VERBOSE1:media_stream_manager.cc(1533)] MSPL::OnSpeedLimitChange({this=000062C40012ED40}, {new_limit=22})
[6812:28116:0602/221944.831:VERBOSE1:media_stream_manager.cc(1533)] MSPL::OnSpeedLimitChange({this=000062C40012ED40}, {new_limit=20})
[6812:28116:0602/221945.809:VERBOSE1:media_stream_manager.cc(1533)] MSPL::OnSpeedLimitChange({this=000062C40012ED40}, {new_limit=19})
[6812:28116:0602/221946.788:VERBOSE1:media_stream_manager.cc(1533)] MSPL::OnSpeedLimitChange({this=000062C40012ED40}, {new_limit=17})
[6812:28116:0602/221948.826:VERBOSE1:media_stream_manager.cc(1533)] MSPL::OnSpeedLimitChange({this=000062C40012ED40}, {new_limit=16})
[6812:28116:0602/221949.875:VERBOSE1:media_stream_manager.cc(1533)] MSPL::OnSpeedLimitChange({this=000062C40012ED40}, {new_limit=15})
[6812:28116:0602/221952.813:VERBOSE1:media_stream_manager.cc(1533)] MSPL::OnSpeedLimitChange({this=000062C40012ED40}, {new_limit=13})
[6812:28116:0602/221953.865:VERBOSE1:media_stream_manager.cc(1533)] MSPL::OnSpeedLimitChange({this=000062C40012ED40}, {new_limit=14})
[6812:28116:0602/221954.852:VERBOSE1:media_stream_manager.cc(1533)] MSPL::OnSpeedLimitChange({this=000062C40012ED40}, {new_limit=16})
[6812:28116:0602/221957.850:VERBOSE1:media_stream_manager.cc(1533)] MSPL::OnSpeedLimitChange({this=000062C40012ED40}, {new_limit=14})
[6812:28116:0602/221958.847:VERBOSE1:media_stream_manager.cc(1533)] MSPL::OnSpeedLimitChange({this=000062C40012ED40}, {new_limit=16})
[6812:28116:0602/222001.862:VERBOSE1:media_stream_manager.cc(1533)] MSPL::OnSpeedLimitChange({this=000062C40012ED40}, {new_limit=15})
[6812:28116:0602/222003.844:VERBOSE1:media_stream_manager.cc(1533)] MSPL::OnSpeedLimitChange({this=000062C40012ED40}, {new_limit=14})
[6812:28116:0602/222004.857:VERBOSE1:media_stream_manager.cc(1533)] MSPL::OnSpeedLimitChange({this=000062C40012ED40}, {new_limit=12})
[6812:28116:0602/222008.892:VERBOSE1:media_stream_manager.cc(1533)] MSPL::OnSpeedLimitChange({this=000062C40012ED40}, {new_limit=11})
[6812:28116:0602/222010.885:VERBOSE1:media_stream_manager.cc(1533)] MSPL::OnSpeedLimitChange({this=000062C40012ED40}, {new_limit=12})
[6812:28116:0602/222018.489:VERBOSE1:media_stream_manager.cc(1533)] MSPL::OnSpeedLimitChange({this=000062C40012ED40}, {new_limit=14})
[6812:28116:0602/222019.935:VERBOSE1:media_stream_manager.cc(1533)] MSPL::OnSpeedLimitChange({this=000062C40012ED40}, {new_limit=13})
[6812:28116:0602/222020.909:VERBOSE1:media_stream_manager.cc(1533)] MSPL::OnSpeedLimitChange({this=000062C40012ED40}, {new_limit=12})
[6812:28116:0602/222024.960:VERBOSE1:media_stream_manager.cc(1533)] MSPL::OnSpeedLimitChange({this=000062C40012ED40}, {new_limit=13})
[6812:28116:0602/222027.988:VERBOSE1:media_stream_manager.cc(1533)] MSPL::OnSpeedLimitChange({this=000062C40012ED40}, {new_limit=11})
[6812:28116:0602/222029.965:VERBOSE1:media_stream_manager.cc(1533)] MSPL::OnSpeedLimitChange({this=000062C40012ED40}, {new_limit=12})
[6812:28116:0602/222034.989:VERBOSE1:media_stream_manager.cc(1533)] MSPL::OnSpeedLimitChange({this=000062C40012ED40}, {new_limit=11})
[6812:28116:0602/222038.295:VERBOSE1:media_stream_manager.cc(1533)] MSPL::OnSpeedLimitChange({this=000062C40012ED40}, {new_limit=12})
[6812:28116:0602/222038.295:VERBOSE1:media_stream_manager.cc(1533)] MSPL::OnSpeedLimitChange({this=000062C40012ED40}, {new_limit=14})
[6812:28116:0602/222039.998:VERBOSE1:media_stream_manager.cc(1533)] MSPL::OnSpeedLimitChange({this=000062C40012ED40}, {new_limit=13})
[6812:28116:0602/222043.011:VERBOSE1:media_stream_manager.cc(1533)] MSPL::OnSpeedLimitChange({this=000062C40012ED40}, {new_limit=14})
[6812:28116:0602/222047.047:VERBOSE1:media_stream_manager.cc(1533)] MSPL::OnSpeedLimitChange({this=000062C40012ED40}, {new_limit=12})
[6812:28116:0602/222048.032:VERBOSE1:media_stream_manager.cc(1533)] MSPL::OnSpeedLimitChange({this=000062C40012ED40}, {new_limit=11})
[6812:28116:0602/222049.047:VERBOSE1:media_stream_manager.cc(1533)] MSPL::OnSpeedLimitChange({this=000062C40012ED40}, {new_limit=10})
[6812:28116:0602/222059.049:VERBOSE1:media_stream_manager.cc(1533)] MSPL::OnSpeedLimitChange({this=000062C40012ED40}, {new_limit=11})
[6812:28116:0602/222100.052:VERBOSE1:media_stream_manager.cc(1533)] MSPL::OnSpeedLimitChange({this=000062C40012ED40}, {new_limit=13})
[6812:31584:0602/222100.434:VERBOSE1:device_event_log_impl.cc(198)] [22:21:00.435] Display: EVENT: screen_win.cc:893 Displays updated, count: 1
[6812:31584:0602/222100.434:VERBOSE1:device_event_log_impl.cc(198)] [22:21:00.435] Display: EVENT: screen_win.cc:895 Display[974124475] bounds=[0,0 1536x864], workarea=[0,0 1536x816], scale=1.25, rotation=0, panel_rotation=0 external detected
[6812:31584:0602/222100.474:VERBOSE1:device_event_log_impl.cc(198)] [22:21:00.473] Display: EVENT: screen_win.cc:893 Displays updated, count: 1
[6812:31584:0602/222100.474:VERBOSE1:device_event_log_impl.cc(198)] [22:21:00.473] Display: EVENT: screen_win.cc:895 Display[974124475] bounds=[0,0 1536x864], workarea=[0,0 1536x816], scale=1.25, rotation=0, panel_rotation=0 external detected
[6812:28116:0602/222101.073:VERBOSE1:media_stream_manager.cc(1533)] MSPL::OnSpeedLimitChange({this=000062C40012ED40}, {new_limit=15})
[6812:28116:0602/222103.142:VERBOSE1:media_stream_manager.cc(1533)] MSPL::OnSpeedLimitChange({this=000062C40012ED40}, {new_limit=16})
[6812:28116:0602/222105.205:VERBOSE1:media_stream_manager.cc(1533)] MSPL::OnSpeedLimitChange({this=000062C40012ED40}, {new_limit=18})
[6812:28116:0602/222109.065:VERBOSE1:media_stream_manager.cc(1533)] MSPL::OnSpeedLimitChange({this=000062C40012ED40}, {new_limit=16})
[6812:28116:0602/222110.090:VERBOSE1:media_stream_manager.cc(1533)] MSPL::OnSpeedLimitChange({this=000062C40012ED40}, {new_limit=15})
[6812:28116:0602/222111.072:VERBOSE1:media_stream_manager.cc(1533)] MSPL::OnSpeedLimitChange({this=000062C40012ED40}, {new_limit=13})
[6812:28116:0602/222114.111:VERBOSE1:media_stream_manager.cc(1533)] MSPL::OnSpeedLimitChange({this=000062C40012ED40}, {new_limit=12})
[6812:28116:0602/222115.075:VERBOSE1:media_stream_manager.cc(1533)] MSPL::OnSpeedLimitChange({this=000062C40012ED40}, {new_limit=11})
[6812:28116:0602/222118.116:VERBOSE1:media_stream_manager.cc(1533)] MSPL::OnSpeedLimitChange({this=000062C40012ED40}, {new_limit=12})
[6812:28116:0602/222119.089:VERBOSE1:media_stream_manager.cc(1533)] MSPL::OnSpeedLimitChange({this=000062C40012ED40}, {new_limit=11})
[9028:13340:0602/222120.612:VERBOSE1:network_delegate.cc(36)] NetworkDelegate::NotifyBeforeURLRequest: https://optimizationguide-pa.googleapis.com/v1:GetModels?key=dummytoken
[9028:13340:0602/222120.639:VERBOSE1:tls_handshaker.cc(105)] TlsClient: Continuing handshake
[9028:13340:0602/222120.641:VERBOSE1:tls_handshaker.cc(126)] TlsClient: SSL_do_handshake returned when entering early data. After retry, rv=-1, SSL_in_early_data=1
[9028:13340:0602/222120.694:VERBOSE1:tls_handshaker.cc(105)] TlsClient: Continuing handshake
[9028:13340:0602/222120.694:VERBOSE1:tls_handshaker.cc(105)] TlsClient: Continuing handshake
[9028:13340:0602/222120.694:VERBOSE1:tls_client_handshaker.cc(528)] Client: handshake finished
[6812:28116:0602/222128.162:VERBOSE1:media_stream_manager.cc(1533)] MSPL::OnSpeedLimitChange({this=000062C40012ED40}, {new_limit=10})
[6812:28116:0602/222129.151:VERBOSE1:media_stream_manager.cc(1533)] MSPL::OnSpeedLimitChange({this=000062C40012ED40}, {new_limit=11})
[6812:28116:0602/222130.131:VERBOSE1:media_stream_manager.cc(1533)] MSPL::OnSpeedLimitChange({this=000062C40012ED40}, {new_limit=10})
[6812:28116:0602/222143.172:VERBOSE1:media_stream_manager.cc(1533)] MSPL::OnSpeedLimitChange({this=000062C40012ED40}, {new_limit=11})
[6812:28116:0602/222149.194:VERBOSE1:media_stream_manager.cc(1533)] MSPL::OnSpeedLimitChange({this=000062C40012ED40}, {new_limit=12})
[6812:31584:0602/222149.335:VERBOSE1:device_event_log_impl.cc(198)] [22:21:49.335] Display: EVENT: screen_win.cc:893 Displays updated, count: 1
[6812:31584:0602/222149.335:VERBOSE1:device_event_log_impl.cc(198)] [22:21:49.335] Display: EVENT: screen_win.cc:895 Display[974124475] bounds=[0,0 1536x864], workarea=[0,0 1536x816], scale=1.25, rotation=0, panel_rotation=0 external detected
[6812:28116:0602/222156.248:VERBOSE1:media_stream_manager.cc(1533)] MSPL::OnSpeedLimitChange({this=000062C40012ED40}, {new_limit=13})
[6812:28116:0602/222158.228:VERBOSE1:media_stream_manager.cc(1533)] MSPL::OnSpeedLimitChange({this=000062C40012ED40}, {new_limit=12})
[6812:28116:0602/222201.285:VERBOSE1:media_stream_manager.cc(1533)] MSPL::OnSpeedLimitChange({this=000062C40012ED40}, {new_limit=13})
[6812:28116:0602/222202.242:VERBOSE1:media_stream_manager.cc(1533)] MSPL::OnSpeedLimitChange({this=000062C40012ED40}, {new_limit=15})
[6812:28116:0602/222204.571:VERBOSE1:media_stream_manager.cc(1533)] MSPL::OnSpeedLimitChange({this=000062C40012ED40}, {new_limit=17})
[6812:31584:0602/222204.822:VERBOSE1:device_event_log_impl.cc(198)] [22:22:04.823] Display: EVENT: screen_win.cc:893 Displays updated, count: 1
[6812:31584:0602/222204.822:VERBOSE1:device_event_log_impl.cc(198)] [22:22:04.823] Display: EVENT: screen_win.cc:895 Display[974124475] bounds=[0,0 1536x864], workarea=[0,0 1536x816], scale=1.25, rotation=0, panel_rotation=0 external detected
[6812:28116:0602/222205.231:VERBOSE1:media_stream_manager.cc(1533)] MSPL::OnSpeedLimitChange({this=000062C40012ED40}, {new_limit=18})
[6812:28116:0602/222207.286:VERBOSE1:media_stream_manager.cc(1533)] MSPL::OnSpeedLimitChange({this=000062C40012ED40}, {new_limit=19})
[6812:28116:0602/222208.262:VERBOSE1:media_stream_manager.cc(1533)] MSPL::OnSpeedLimitChange({this=000062C40012ED40}, {new_limit=20})
[6812:28116:0602/222209.330:VERBOSE1:media_stream_manager.cc(1533)] MSPL::OnSpeedLimitChange({this=000062C40012ED40}, {new_limit=21})
[6812:28116:0602/222210.286:VERBOSE1:media_stream_manager.cc(1533)] MSPL::OnSpeedLimitChange({this=000062C40012ED40}, {new_limit=22})
[6812:28116:0602/222214.262:VERBOSE1:media_stream_manager.cc(1533)] MSPL::OnSpeedLimitChange({this=000062C40012ED40}, {new_limit=21})
[6812:28116:0602/222215.357:VERBOSE1:media_stream_manager.cc(1533)] MSPL::OnSpeedLimitChange({this=000062C40012ED40}, {new_limit=22})
[6812:31584:0602/222217.012:VERBOSE1:device_event_log_impl.cc(198)] [22:22:17.012] Display: EVENT: screen_win.cc:893 Displays updated, count: 1
[6812:31584:0602/222217.012:VERBOSE1:device_event_log_impl.cc(198)] [22:22:17.013] Display: EVENT: screen_win.cc:895 Display[974124475] bounds=[0,0 1536x864], workarea=[0,0 1536x816], scale=1.25, rotation=0, panel_rotation=0 external detected
[6812:28116:0602/222218.275:VERBOSE1:media_stream_manager.cc(1533)] MSPL::OnSpeedLimitChange({this=000062C40012ED40}, {new_limit=21})
[6812:28116:0602/222219.259:VERBOSE1:media_stream_manager.cc(1533)] MSPL::OnSpeedLimitChange({this=000062C40012ED40}, {new_limit=22})
[6812:28116:0602/222232.380:VERBOSE1:media_stream_manager.cc(1533)] MSPL::OnSpeedLimitChange({this=000062C40012ED40}, {new_limit=23})
[6812:28116:0602/222233.381:VERBOSE1:media_stream_manager.cc(1533)] MSPL::OnSpeedLimitChange({this=000062C40012ED40}, {new_limit=24})
[6812:31584:0602/222234.027:VERBOSE1:device_event_log_impl.cc(198)] [22:22:34.027] Display: EVENT: screen_win.cc:893 Displays updated, count: 1
[6812:31584:0602/222234.027:VERBOSE1:device_event_log_impl.cc(198)] [22:22:34.028] Display: EVENT: screen_win.cc:895 Display[974124475] bounds=[0,0 1536x864], workarea=[0,0 1536x816], scale=1.25, rotation=0, panel_rotation=0 external detected
[6812:31584:0602/222234.096:VERBOSE1:device_event_log_impl.cc(198)] [22:22:34.097] Display: EVENT: screen_win.cc:893 Displays updated, count: 1
[6812:31584:0602/222234.096:VERBOSE1:device_event_log_impl.cc(198)] [22:22:34.097] Display: EVENT: screen_win.cc:895 Display[974124475] bounds=[0,0 1536x864], workarea=[0,0 1536x816], scale=1.25, rotation=0, panel_rotation=0 external detected
[6812:28116:0602/222240.367:VERBOSE1:media_stream_manager.cc(1533)] MSPL::OnSpeedLimitChange({this=000062C40012ED40}, {new_limit=25})
[6812:28116:0602/222243.319:VERBOSE1:media_stream_manager.cc(1533)] MSPL::OnSpeedLimitChange({this=000062C40012ED40}, {new_limit=24})
[6812:31584:0602/222243.921:VERBOSE1:device_event_log_impl.cc(198)] [22:22:43.920] Display: EVENT: screen_win.cc:893 Displays updated, count: 1
[6812:31584:0602/222243.921:VERBOSE1:device_event_log_impl.cc(198)] [22:22:43.921] Display: EVENT: screen_win.cc:895 Display[974124475] bounds=[0,0 1536x864], workarea=[0,0 1536x816], scale=1.25, rotation=0, panel_rotation=0 external detected
[6812:31584:0602/222243.954:VERBOSE1:device_event_log_impl.cc(198)] [22:22:43.954] Display: EVENT: screen_win.cc:893 Displays updated, count: 1
[6812:31584:0602/222243.954:VERBOSE1:device_event_log_impl.cc(198)] [22:22:43.954] Display: EVENT: screen_win.cc:895 Display[974124475] bounds=[0,0 1536x864], workarea=[0,0 1536x816], scale=1.25, rotation=0, panel_rotation=0 external detected
[6812:28116:0602/222251.347:VERBOSE1:media_stream_manager.cc(1533)] MSPL::OnSpeedLimitChange({this=000062C40012ED40}, {new_limit=23})
[6812:28116:0602/222255.327:VERBOSE1:media_stream_manager.cc(1533)] MSPL::OnSpeedLimitChange({this=000062C40012ED40}, {new_limit=24})
[6812:28116:0602/222256.327:VERBOSE1:media_stream_manager.cc(1533)] MSPL::OnSpeedLimitChange({this=000062C40012ED40}, {new_limit=25})
[6812:31584:0602/222256.896:VERBOSE1:device_event_log_impl.cc(198)] [22:22:56.896] Display: EVENT: screen_win.cc:893 Displays updated, count: 1
[6812:31584:0602/222256.896:VERBOSE1:device_event_log_impl.cc(198)] [22:22:56.896] Display: EVENT: screen_win.cc:895 Display[974124475] bounds=[0,0 1536x864], workarea=[0,0 1536x816], scale=1.25, rotation=0, panel_rotation=0 external detected
[6812:28116:0602/222304.548:VERBOSE1:media_stream_manager.cc(1533)] MSPL::OnSpeedLimitChange({this=000062C40012ED40}, {new_limit=24})
[6812:28116:0602/222307.551:VERBOSE1:media_stream_manager.cc(1533)] MSPL::OnSpeedLimitChange({this=000062C40012ED40}, {new_limit=22})
[6812:28116:0602/222308.548:VERBOSE1:media_stream_manager.cc(1533)] MSPL::OnSpeedLimitChange({this=000062C40012ED40}, {new_limit=23})
[6812:28116:0602/222312.549:VERBOSE1:media_stream_manager.cc(1533)] MSPL::OnSpeedLimitChange({this=000062C40012ED40}, {new_limit=24})
[6812:28116:0602/222313.553:VERBOSE1:media_stream_manager.cc(1533)] MSPL::OnSpeedLimitChange({this=000062C40012ED40}, {new_limit=23})
[6812:28116:0602/222315.546:VERBOSE1:media_stream_manager.cc(1533)] MSPL::OnSpeedLimitChange({this=000062C40012ED40}, {new_limit=24})
[6812:28116:0602/222316.551:VERBOSE1:media_stream_manager.cc(1533)] MSPL::OnSpeedLimitChange({this=000062C40012ED40}, {new_limit=23})
[6812:28116:0602/222317.575:VERBOSE1:media_stream_manager.cc(1533)] MSPL::OnSpeedLimitChange({this=000062C40012ED40}, {new_limit=24})
[6812:28116:0602/222318.545:VERBOSE1:media_stream_manager.cc(1533)] MSPL::OnSpeedLimitChange({this=000062C40012ED40}, {new_limit=25})
[6812:28116:0602/222323.549:VERBOSE1:media_stream_manager.cc(1533)] MSPL::OnSpeedLimitChange({this=000062C40012ED40}, {new_limit=26})
[6812:28116:0602/222324.548:VERBOSE1:media_stream_manager.cc(1533)] MSPL::OnSpeedLimitChange({this=000062C40012ED40}, {new_limit=27})
[6812:31584:0602/222345.224:VERBOSE1:device_event_log_impl.cc(198)] [22:23:45.224] Display: EVENT: screen_win.cc:893 Displays updated, count: 1
[6812:31584:0602/222345.224:VERBOSE1:device_event_log_impl.cc(198)] [22:23:45.224] Display: EVENT: screen_win.cc:895 Display[974124475] bounds=[0,0 1536x864], workarea=[0,0 1536x816], scale=1.25, rotation=0, panel_rotation=0 external detected
[6812:28116:0602/222345.575:VERBOSE1:media_stream_manager.cc(1533)] MSPL::OnSpeedLimitChange({this=000062C40012ED40}, {new_limit=26})
[6812:28116:0602/222347.371:VERBOSE1:media_stream_manager.cc(1533)] MSPL::OnSpeedLimitChange({this=000062C40012ED40}, {new_limit=25})
[6812:28116:0602/222349.424:VERBOSE1:media_stream_manager.cc(1533)] MSPL::OnSpeedLimitChange({this=000062C40012ED40}, {new_limit=24})
[6812:28116:0602/222350.406:VERBOSE1:media_stream_manager.cc(1533)] MSPL::OnSpeedLimitChange({this=000062C40012ED40}, {new_limit=23})
[6812:28116:0602/222351.399:VERBOSE1:media_stream_manager.cc(1533)] MSPL::OnSpeedLimitChange({this=000062C40012ED40}, {new_limit=22})
[6812:31584:0602/222353.422:VERBOSE1:device_event_log_impl.cc(198)] [22:23:53.422] Display: EVENT: screen_win.cc:893 Displays updated, count: 1
[6812:31584:0602/222353.422:VERBOSE1:device_event_log_impl.cc(198)] [22:23:53.422] Display: EVENT: screen_win.cc:895 Display[974124475] bounds=[0,0 1536x864], workarea=[0,0 1536x816], scale=1.25, rotation=0, panel_rotation=0 external detected
[6812:28116:0602/222353.615:VERBOSE1:media_stream_manager.cc(1533)] MSPL::OnSpeedLimitChange({this=000062C40012ED40}, {new_limit=21})
[6812:28116:0602/222354.595:VERBOSE1:media_stream_manager.cc(1533)] MSPL::OnSpeedLimitChange({this=000062C40012ED40}, {new_limit=20})
[6812:28116:0602/222358.600:VERBOSE1:media_stream_manager.cc(1533)] MSPL::OnSpeedLimitChange({this=000062C40012ED40}, {new_limit=21})
[6812:28116:0602/222400.595:VERBOSE1:media_stream_manager.cc(1533)] MSPL::OnSpeedLimitChange({this=000062C40012ED40}, {new_limit=22})
[6812:28116:0602/222401.599:VERBOSE1:media_stream_manager.cc(1533)] MSPL::OnSpeedLimitChange({this=000062C40012ED40}, {new_limit=23})
[6812:28116:0602/222402.602:VERBOSE1:media_stream_manager.cc(1533)] MSPL::OnSpeedLimitChange({this=000062C40012ED40}, {new_limit=24})
[6812:28116:0602/222403.596:VERBOSE1:media_stream_manager.cc(1533)] MSPL::OnSpeedLimitChange({this=000062C40012ED40}, {new_limit=25})
[6812:28116:0602/222406.604:VERBOSE1:media_stream_manager.cc(1533)] MSPL::OnSpeedLimitChange({this=000062C40012ED40}, {new_limit=26})
[9028:13340:0602/222407.272:VERBOSE1:network_delegate.cc(36)] NetworkDelegate::NotifyBeforeURLRequest: https://optimizationguide-pa.googleapis.com/v1:GetModels?key=dummytoken
[9028:13340:0602/222407.287:VERBOSE1:tls_handshaker.cc(105)] TlsClient: Continuing handshake
[9028:13340:0602/222407.287:VERBOSE1:tls_handshaker.cc(126)] TlsClient: SSL_do_handshake returned when entering early data. After retry, rv=-1, SSL_in_early_data=1
[9028:13340:0602/222407.326:VERBOSE1:tls_handshaker.cc(105)] TlsClient: Continuing handshake
[9028:13340:0602/222407.327:VERBOSE1:tls_handshaker.cc(105)] TlsClient: Continuing handshake
[9028:13340:0602/222407.327:VERBOSE1:tls_client_handshaker.cc(528)] Client: handshake finished
[6812:28116:0602/222408.602:VERBOSE1:media_stream_manager.cc(1533)] MSPL::OnSpeedLimitChange({this=000062C40012ED40}, {new_limit=27})
[6812:28116:0602/222418.604:VERBOSE1:media_stream_manager.cc(1533)] MSPL::OnSpeedLimitChange({this=000062C40012ED40}, {new_limit=26})
[6812:28116:0602/222424.608:VERBOSE1:media_stream_manager.cc(1533)] MSPL::OnSpeedLimitChange({this=000062C40012ED40}, {new_limit=27})
[6812:28116:0602/222443.612:VERBOSE1:media_stream_manager.cc(1533)] MSPL::OnSpeedLimitChange({this=000062C40012ED40}, {new_limit=26})
[6812:31584:0602/222449.767:VERBOSE1:device_event_log_impl.cc(198)] [22:24:49.766] Display: EVENT: screen_win.cc:893 Displays updated, count: 1
[6812:31584:0602/222449.767:VERBOSE1:device_event_log_impl.cc(198)] [22:24:49.766] Display: EVENT: screen_win.cc:895 Display[974124475] bounds=[0,0 1536x864], workarea=[0,0 1536x816], scale=1.25, rotation=0, panel_rotation=0 external detected
[6812:28116:0602/222450.499:VERBOSE1:media_stream_manager.cc(1533)] MSPL::OnSpeedLimitChange({this=000062C40012ED40}, {new_limit=25})
[6812:28116:0602/222451.473:VERBOSE1:media_stream_manager.cc(1533)] MSPL::OnSpeedLimitChange({this=000062C40012ED40}, {new_limit=24})
[6812:28116:0602/222455.677:VERBOSE1:media_stream_manager.cc(1533)] MSPL::OnSpeedLimitChange({this=000062C40012ED40}, {new_limit=23})
[6812:28116:0602/222500.682:VERBOSE1:media_stream_manager.cc(1533)] MSPL::OnSpeedLimitChange({this=000062C40012ED40}, {new_limit=24})
[6812:28116:0602/222501.680:VERBOSE1:media_stream_manager.cc(1533)] MSPL::OnSpeedLimitChange({this=000062C40012ED40}, {new_limit=25})
[6812:28116:0602/222503.683:VERBOSE1:media_stream_manager.cc(1533)] MSPL::OnSpeedLimitChange({this=000062C40012ED40}, {new_limit=26})
[6812:28116:0602/222505.685:VERBOSE1:media_stream_manager.cc(1533)] MSPL::OnSpeedLimitChange({this=000062C40012ED40}, {new_limit=27})
[6812:28116:0602/222555.693:VERBOSE1:media_stream_manager.cc(1533)] MSPL::OnSpeedLimitChange({this=000062C40012ED40}, {new_limit=26})
[6812:28116:0602/222601.702:VERBOSE1:media_stream_manager.cc(1533)] MSPL::OnSpeedLimitChange({this=000062C40012ED40}, {new_limit=27})
[6812:28116:0602/222603.698:VERBOSE1:media_stream_manager.cc(1533)] MSPL::OnSpeedLimitChange({this=000062C40012ED40}, {new_limit=26})
[6812:28116:0602/222611.698:VERBOSE1:media_stream_manager.cc(1533)] MSPL::OnSpeedLimitChange({this=000062C40012ED40}, {new_limit=27})
[6812:31584:0602/222615.097:VERBOSE1:device_event_log_impl.cc(198)] [22:26:15.096] Display: EVENT: screen_win.cc:893 Displays updated, count: 1
[6812:31584:0602/222615.097:VERBOSE1:device_event_log_impl.cc(198)] [22:26:15.097] Display: EVENT: screen_win.cc:895 Display[974124475] bounds=[0,0 1536x864], workarea=[0,0 1536x816], scale=1.25, rotation=0, panel_rotation=0 external detected
[6812:28116:0602/222615.609:VERBOSE1:media_stream_manager.cc(1533)] MSPL::OnSpeedLimitChange({this=000062C40012ED40}, {new_limit=26})
[6812:28116:0602/222617.566:VERBOSE1:media_stream_manager.cc(1533)] MSPL::OnSpeedLimitChange({this=000062C40012ED40}, {new_limit=25})
[6812:28116:0602/222619.568:VERBOSE1:media_stream_manager.cc(1533)] MSPL::OnSpeedLimitChange({this=000062C40012ED40}, {new_limit=24})
[6812:28116:0602/222623.564:VERBOSE1:media_stream_manager.cc(1533)] MSPL::OnSpeedLimitChange({this=000062C40012ED40}, {new_limit=25})
[6812:28116:0602/222624.568:VERBOSE1:media_stream_manager.cc(1533)] MSPL::OnSpeedLimitChange({this=000062C40012ED40}, {new_limit=24})
[6812:28116:0602/222625.568:VERBOSE1:media_stream_manager.cc(1533)] MSPL::OnSpeedLimitChange({this=000062C40012ED40}, {new_limit=25})
[6812:28116:0602/222627.564:VERBOSE1:media_stream_manager.cc(1533)] MSPL::OnSpeedLimitChange({this=000062C40012ED40}, {new_limit=26})
[6812:28116:0602/222629.564:VERBOSE1:media_stream_manager.cc(1533)] MSPL::OnSpeedLimitChange({this=000062C40012ED40}, {new_limit=27})
[6812:28116:0602/222630.567:VERBOSE1:media_stream_manager.cc(1533)] MSPL::OnSpeedLimitChange({this=000062C40012ED40}, {new_limit=26})
[6812:28116:0602/222636.565:VERBOSE1:media_stream_manager.cc(1533)] MSPL::OnSpeedLimitChange({this=000062C40012ED40}, {new_limit=27})
[6812:28116:0602/222638.564:VERBOSE1:media_stream_manager.cc(1533)] MSPL::OnSpeedLimitChange({this=000062C40012ED40}, {new_limit=26})
[6812:28116:0602/222640.571:VERBOSE1:media_stream_manager.cc(1533)] MSPL::OnSpeedLimitChange({this=000062C40012ED40}, {new_limit=27})
[9028:13340:0602/222644.241:VERBOSE1:network_delegate.cc(36)] NetworkDelegate::NotifyBeforeURLRequest: https://optimizationguide-pa.googleapis.com/v1:GetModels?key=dummytoken
[9028:13340:0602/222644.247:VERBOSE1:tls_handshaker.cc(105)] TlsClient: Continuing handshake
[9028:13340:0602/222644.248:VERBOSE1:tls_handshaker.cc(126)] TlsClient: SSL_do_handshake returned when entering early data. After retry, rv=-1, SSL_in_early_data=1
[9028:13340:0602/222644.284:VERBOSE1:tls_handshaker.cc(105)] TlsClient: Continuing handshake
[9028:13340:0602/222644.284:VERBOSE1:tls_handshaker.cc(105)] TlsClient: Continuing handshake
[9028:13340:0602/222644.284:VERBOSE1:tls_client_handshaker.cc(528)] Client: handshake finished
[6812:31584:0602/222648.921:VERBOSE1:device_event_log_impl.cc(198)] [22:26:48.920] Display: EVENT: screen_win.cc:893 Displays updated, count: 1
[6812:31584:0602/222648.921:VERBOSE1:device_event_log_impl.cc(198)] [22:26:48.920] Display: EVENT: screen_win.cc:895 Display[974124475] bounds=[0,0 1536x864], workarea=[0,0 1536x816], scale=1.25, rotation=0, panel_rotation=0 external detected
[6812:28116:0602/222650.603:VERBOSE1:media_stream_manager.cc(1533)] MSPL::OnSpeedLimitChange({this=000062C40012ED40}, {new_limit=26})
[6812:28116:0602/222652.615:VERBOSE1:media_stream_manager.cc(1533)] MSPL::OnSpeedLimitChange({this=000062C40012ED40}, {new_limit=25})
[6812:28116:0602/222653.627:VERBOSE1:media_stream_manager.cc(1533)] MSPL::OnSpeedLimitChange({this=000062C40012ED40}, {new_limit=24})
[6812:28116:0602/222654.639:VERBOSE1:media_stream_manager.cc(1533)] MSPL::OnSpeedLimitChange({this=000062C40012ED40}, {new_limit=23})
[6812:28116:0602/222701.869:VERBOSE1:media_stream_manager.cc(1533)] MSPL::OnSpeedLimitChange({this=000062C40012ED40}, {new_limit=24})
[6812:28116:0602/222703.871:VERBOSE1:media_stream_manager.cc(1533)] MSPL::OnSpeedLimitChange({this=000062C40012ED40}, {new_limit=25})
[6812:28116:0602/222704.873:VERBOSE1:media_stream_manager.cc(1533)] MSPL::OnSpeedLimitChange({this=000062C40012ED40}, {new_limit=26})
[6812:28116:0602/222711.882:VERBOSE1:media_stream_manager.cc(1533)] MSPL::OnSpeedLimitChange({this=000062C40012ED40}, {new_limit=27})
[6812:31584:0602/222717.106:VERBOSE1:device_event_log_impl.cc(198)] [22:27:17.106] Display: EVENT: screen_win.cc:893 Displays updated, count: 1
[6812:31584:0602/222717.106:VERBOSE1:device_event_log_impl.cc(198)] [22:27:17.106] Display: EVENT: screen_win.cc:895 Display[974124475] bounds=[0,0 1536x864], workarea=[0,0 1536x816], scale=1.25, rotation=0, panel_rotation=0 external detected
[6812:28116:0602/222717.655:VERBOSE1:media_stream_manager.cc(1533)] MSPL::OnSpeedLimitChange({this=000062C40012ED40}, {new_limit=26})
[6812:28116:0602/222719.587:VERBOSE1:media_stream_manager.cc(1533)] MSPL::OnSpeedLimitChange({this=000062C40012ED40}, {new_limit=25})
[6812:28116:0602/222722.625:VERBOSE1:media_stream_manager.cc(1533)] MSPL::OnSpeedLimitChange({this=000062C40012ED40}, {new_limit=24})
[6812:28116:0602/222725.309:VERBOSE1:media_stream_manager.cc(1533)] MSPL::OnSpeedLimitChange({this=000062C40012ED40}, {new_limit=23})
[6812:28116:0602/222725.579:VERBOSE1:media_stream_manager.cc(1533)] MSPL::OnSpeedLimitChange({this=000062C40012ED40}, {new_limit=22})
[6812:28116:0602/222726.606:VERBOSE1:media_stream_manager.cc(1533)] MSPL::OnSpeedLimitChange({this=000062C40012ED40}, {new_limit=20})
[6812:28116:0602/222728.598:VERBOSE1:media_stream_manager.cc(1533)] MSPL::OnSpeedLimitChange({this=000062C40012ED40}, {new_limit=18})
[6812:31584:0602/222729.553:VERBOSE1:device_event_log_impl.cc(198)] [22:27:29.553] Display: EVENT: screen_win.cc:893 Displays updated, count: 1
[6812:31584:0602/222729.553:VERBOSE1:device_event_log_impl.cc(198)] [22:27:29.553] Display: EVENT: screen_win.cc:895 Display[974124475] bounds=[0,0 1536x864], workarea=[0,0 1536x816], scale=1.25, rotation=0, panel_rotation=0 external detected
[6812:28116:0602/222730.592:VERBOSE1:media_stream_manager.cc(1533)] MSPL::OnSpeedLimitChange({this=000062C40012ED40}, {new_limit=17})
[6812:28116:0602/222735.773:VERBOSE1:media_stream_manager.cc(1533)] MSPL::OnSpeedLimitChange({this=000062C40012ED40}, {new_limit=18})
[6812:28116:0602/222736.778:VERBOSE1:media_stream_manager.cc(1533)] MSPL::OnSpeedLimitChange({this=000062C40012ED40}, {new_limit=19})
[6812:28116:0602/222737.778:VERBOSE1:media_stream_manager.cc(1533)] MSPL::OnSpeedLimitChange({this=000062C40012ED40}, {new_limit=21})
[6812:28116:0602/222738.785:VERBOSE1:media_stream_manager.cc(1533)] MSPL::OnSpeedLimitChange({this=000062C40012ED40}, {new_limit=23})
[6812:31584:0602/222738.850:VERBOSE1:device_event_log_impl.cc(198)] [22:27:38.849] Display: EVENT: screen_win.cc:893 Displays updated, count: 1
[6812:31584:0602/222738.850:VERBOSE1:device_event_log_impl.cc(198)] [22:27:38.849] Display: EVENT: screen_win.cc:895 Display[974124475] bounds=[0,0 1536x864], workarea=[0,0 1536x816], scale=1.25, rotation=0, panel_rotation=0 external detected
[6812:28116:0602/222739.598:VERBOSE1:media_stream_manager.cc(1533)] MSPL::OnSpeedLimitChange({this=000062C40012ED40}, {new_limit=24})
[6812:28116:0602/222741.619:VERBOSE1:media_stream_manager.cc(1533)] MSPL::OnSpeedLimitChange({this=000062C40012ED40}, {new_limit=23})
[6812:28116:0602/222743.600:VERBOSE1:media_stream_manager.cc(1533)] MSPL::OnSpeedLimitChange({this=000062C40012ED40}, {new_limit=24})
[6812:28116:0602/222748.920:VERBOSE1:media_stream_manager.cc(1533)] MSPL::OnSpeedLimitChange({this=000062C40012ED40}, {new_limit=23})
[6812:28116:0602/222749.917:VERBOSE1:media_stream_manager.cc(1533)] MSPL::OnSpeedLimitChange({this=000062C40012ED40}, {new_limit=24})
[6812:31584:0602/222750.141:VERBOSE1:device_event_log_impl.cc(198)] [22:27:50.141] Display: EVENT: screen_win.cc:893 Displays updated, count: 1
[6812:31584:0602/222750.141:VERBOSE1:device_event_log_impl.cc(198)] [22:27:50.141] Display: EVENT: screen_win.cc:895 Display[974124475] bounds=[0,0 1536x864], workarea=[0,0 1536x816], scale=1.25, rotation=0, panel_rotation=0 external detected
[6812:28116:0602/222753.640:VERBOSE1:media_stream_manager.cc(1533)] MSPL::OnSpeedLimitChange({this=000062C40012ED40}, {new_limit=23})
[6812:28116:0602/222754.630:VERBOSE1:media_stream_manager.cc(1533)] MSPL::OnSpeedLimitChange({this=000062C40012ED40}, {new_limit=22})
[6812:28116:0602/222757.698:VERBOSE1:media_stream_manager.cc(1533)] MSPL::OnSpeedLimitChange({this=000062C40012ED40}, {new_limit=21})
[6812:28116:0602/222759.680:VERBOSE1:media_stream_manager.cc(1533)] MSPL::OnSpeedLimitChange({this=000062C40012ED40}, {new_limit=20})
[6812:28116:0602/222800.689:VERBOSE1:media_stream_manager.cc(1533)] MSPL::OnSpeedLimitChange({this=000062C40012ED40}, {new_limit=21})
[6812:28116:0602/222802.622:VERBOSE1:media_stream_manager.cc(1533)] MSPL::OnSpeedLimitChange({this=000062C40012ED40}, {new_limit=22})
[6812:28116:0602/222804.680:VERBOSE1:media_stream_manager.cc(1533)] MSPL::OnSpeedLimitChange({this=000062C40012ED40}, {new_limit=23})
[6812:28116:0602/222811.672:VERBOSE1:media_stream_manager.cc(1533)] MSPL::OnSpeedLimitChange({this=000062C40012ED40}, {new_limit=22})
[6812:28116:0602/222833.737:VERBOSE1:media_stream_manager.cc(1533)] MSPL::OnSpeedLimitChange({this=000062C40012ED40}, {new_limit=21})
[6812:28116:0602/222834.725:VERBOSE1:media_stream_manager.cc(1533)] MSPL::OnSpeedLimitChange({this=000062C40012ED40}, {new_limit=19})
[6812:28116:0602/222835.749:VERBOSE1:media_stream_manager.cc(1533)] MSPL::OnSpeedLimitChange({this=000062C40012ED40}, {new_limit=18})
[6812:31584:0602/222838.244:VERBOSE1:device_event_log_impl.cc(198)] [22:28:38.243] Display: EVENT: screen_win.cc:893 Displays updated, count: 1
[6812:31584:0602/222838.244:VERBOSE1:device_event_log_impl.cc(198)] [22:28:38.243] Display: EVENT: screen_win.cc:895 Display[974124475] bounds=[0,0 1536x864], workarea=[0,0 1536x816], scale=1.25, rotation=0, panel_rotation=0 external detected
[6812:28116:0602/222842.840:VERBOSE1:media_stream_manager.cc(1533)] MSPL::OnSpeedLimitChange({this=000062C40012ED40}, {new_limit=19})
[6812:28116:0602/222843.786:VERBOSE1:media_stream_manager.cc(1533)] MSPL::OnSpeedLimitChange({this=000062C40012ED40}, {new_limit=20})
[6812:28116:0602/222844.759:VERBOSE1:media_stream_manager.cc(1533)] MSPL::OnSpeedLimitChange({this=000062C40012ED40}, {new_limit=21})
[6812:28116:0602/222845.826:VERBOSE1:media_stream_manager.cc(1533)] MSPL::OnSpeedLimitChange({this=000062C40012ED40}, {new_limit=22})
[6812:28116:0602/222848.978:VERBOSE1:media_stream_manager.cc(1533)] MSPL::OnSpeedLimitChange({this=000062C40012ED40}, {new_limit=23})
[6812:28116:0602/222852.824:VERBOSE1:media_stream_manager.cc(1533)] MSPL::OnSpeedLimitChange({this=000062C40012ED40}, {new_limit=22})
[6812:28116:0602/222858.104:VERBOSE1:media_stream_manager.cc(1533)] MSPL::OnSpeedLimitChange({this=000062C40012ED40}, {new_limit=23})
[6812:28116:0602/222902.101:VERBOSE1:media_stream_manager.cc(1533)] MSPL::OnSpeedLimitChange({this=000062C40012ED40}, {new_limit=24})
[6812:28116:0602/222904.099:VERBOSE1:media_stream_manager.cc(1533)] MSPL::OnSpeedLimitChange({this=000062C40012ED40}, {new_limit=25})
[6812:28116:0602/222905.099:VERBOSE1:media_stream_manager.cc(1533)] MSPL::OnSpeedLimitChange({this=000062C40012ED40}, {new_limit=26})
[6812:28116:0602/222910.099:VERBOSE1:media_stream_manager.cc(1533)] MSPL::OnSpeedLimitChange({this=000062C40012ED40}, {new_limit=27})
[6812:28116:0602/222919.103:VERBOSE1:media_stream_manager.cc(1533)] MSPL::OnSpeedLimitChange({this=000062C40012ED40}, {new_limit=26})
[6812:31584:0602/222919.148:VERBOSE1:device_event_log_impl.cc(198)] [22:29:19.148] Display: EVENT: screen_win.cc:893 Displays updated, count: 1
[6812:31584:0602/222919.148:VERBOSE1:device_event_log_impl.cc(198)] [22:29:19.148] Display: EVENT: screen_win.cc:895 Display[974124475] bounds=[0,0 1536x864], workarea=[0,0 1536x816], scale=1.25, rotation=0, panel_rotation=0 external detected
[6812:28116:0602/222921.864:VERBOSE1:media_stream_manager.cc(1533)] MSPL::OnSpeedLimitChange({this=000062C40012ED40}, {new_limit=25})
[6812:28116:0602/222923.893:VERBOSE1:media_stream_manager.cc(1533)] MSPL::OnSpeedLimitChange({this=000062C40012ED40}, {new_limit=24})
[6812:28116:0602/222924.874:VERBOSE1:media_stream_manager.cc(1533)] MSPL::OnSpeedLimitChange({this=000062C40012ED40}, {new_limit=23})
[6812:28116:0602/222925.838:VERBOSE1:media_stream_manager.cc(1533)] MSPL::OnSpeedLimitChange({this=000062C40012ED40}, {new_limit=22})
[6812:28116:0602/222930.873:VERBOSE1:media_stream_manager.cc(1533)] MSPL::OnSpeedLimitChange({this=000062C40012ED40}, {new_limit=21})
[6812:28116:0602/222931.892:VERBOSE1:media_stream_manager.cc(1533)] MSPL::OnSpeedLimitChange({this=000062C40012ED40}, {new_limit=22})
[6812:28116:0602/222932.880:VERBOSE1:media_stream_manager.cc(1533)] MSPL::OnSpeedLimitChange({this=000062C40012ED40}, {new_limit=21})
[6812:28116:0602/222933.874:VERBOSE1:media_stream_manager.cc(1533)] MSPL::OnSpeedLimitChange({this=000062C40012ED40}, {new_limit=22})
[6812:28116:0602/222934.827:VERBOSE1:media_stream_manager.cc(1533)] MSPL::OnSpeedLimitChange({this=000062C40012ED40}, {new_limit=21})
[6812:28116:0602/222937.849:VERBOSE1:media_stream_manager.cc(1533)] MSPL::OnSpeedLimitChange({this=000062C40012ED40}, {new_limit=20})
[6812:28116:0602/222938.839:VERBOSE1:media_stream_manager.cc(1533)] MSPL::OnSpeedLimitChange({this=000062C40012ED40}, {new_limit=21})
[6812:28116:0602/222939.839:VERBOSE1:media_stream_manager.cc(1533)] MSPL::OnSpeedLimitChange({this=000062C40012ED40}, {new_limit=20})
[6812:28116:0602/222940.856:VERBOSE1:media_stream_manager.cc(1533)] MSPL::OnSpeedLimitChange({this=000062C40012ED40}, {new_limit=19})
[6812:28116:0602/222941.866:VERBOSE1:media_stream_manager.cc(1533)] MSPL::OnSpeedLimitChange({this=000062C40012ED40}, {new_limit=17})
[6812:28116:0602/222942.850:VERBOSE1:media_stream_manager.cc(1533)] MSPL::OnSpeedLimitChange({this=000062C40012ED40}, {new_limit=16})
[9028:13340:0602/222944.006:VERBOSE1:network_delegate.cc(36)] NetworkDelegate::NotifyBeforeURLRequest: https://optimizationguide-pa.googleapis.com/v1:GetModels?key=dummytoken
[9028:13340:0602/222944.022:VERBOSE1:tls_handshaker.cc(105)] TlsClient: Continuing handshake
[9028:13340:0602/222944.023:VERBOSE1:tls_handshaker.cc(126)] TlsClient: SSL_do_handshake returned when entering early data. After retry, rv=-1, SSL_in_early_data=1
[9028:13340:0602/222944.090:VERBOSE1:tls_handshaker.cc(105)] TlsClient: Continuing handshake
[9028:13340:0602/222944.090:VERBOSE1:tls_handshaker.cc(105)] TlsClient: Continuing handshake
[9028:13340:0602/222944.090:VERBOSE1:tls_client_handshaker.cc(528)] Client: handshake finished
[6812:28116:0602/222944.849:VERBOSE1:media_stream_manager.cc(1533)] MSPL::OnSpeedLimitChange({this=000062C40012ED40}, {new_limit=15})
[6812:28116:0602/222945.865:VERBOSE1:media_stream_manager.cc(1533)] MSPL::OnSpeedLimitChange({this=000062C40012ED40}, {new_limit=14})
[6812:28116:0602/222947.859:VERBOSE1:media_stream_manager.cc(1533)] MSPL::OnSpeedLimitChange({this=000062C40012ED40}, {new_limit=13})
[6812:28116:0602/222948.851:VERBOSE1:media_stream_manager.cc(1533)] MSPL::OnSpeedLimitChange({this=000062C40012ED40}, {new_limit=12})
[6812:28116:0602/222951.907:VERBOSE1:media_stream_manager.cc(1533)] MSPL::OnSpeedLimitChange({this=000062C40012ED40}, {new_limit=13})
[6812:28116:0602/222952.859:VERBOSE1:media_stream_manager.cc(1533)] MSPL::OnSpeedLimitChange({this=000062C40012ED40}, {new_limit=12})
[6812:28116:0602/222953.878:VERBOSE1:media_stream_manager.cc(1533)] MSPL::OnSpeedLimitChange({this=000062C40012ED40}, {new_limit=13})
[6812:28116:0602/222955.873:VERBOSE1:media_stream_manager.cc(1533)] MSPL::OnSpeedLimitChange({this=000062C40012ED40}, {new_limit=12})
[6812:28116:0602/222958.021:VERBOSE1:media_stream_manager.cc(1533)] MSPL::OnSpeedLimitChange({this=000062C40012ED40}, {new_limit=13})
[6812:28116:0602/222959.030:VERBOSE1:media_stream_manager.cc(1533)] MSPL::OnSpeedLimitChange({this=000062C40012ED40}, {new_limit=15})
[6812:28116:0602/223000.024:VERBOSE1:media_stream_manager.cc(1533)] MSPL::OnSpeedLimitChange({this=000062C40012ED40}, {new_limit=16})
[6812:28116:0602/223001.028:VERBOSE1:media_stream_manager.cc(1533)] MSPL::OnSpeedLimitChange({this=000062C40012ED40}, {new_limit=17})
[6812:28116:0602/223002.027:VERBOSE1:media_stream_manager.cc(1533)] MSPL::OnSpeedLimitChange({this=000062C40012ED40}, {new_limit=19})
[6812:31584:0602/223002.528:VERBOSE1:device_event_log_impl.cc(198)] [22:30:02.528] Display: EVENT: screen_win.cc:893 Displays updated, count: 1
[6812:31584:0602/223002.528:VERBOSE1:device_event_log_impl.cc(198)] [22:30:02.528] Display: EVENT: screen_win.cc:895 Display[974124475] bounds=[0,0 1536x864], workarea=[0,0 1536x816], scale=1.25, rotation=0, panel_rotation=0 external detected
[6812:31584:0602/223002.569:VERBOSE1:device_event_log_impl.cc(198)] [22:30:02.569] Display: EVENT: screen_win.cc:893 Displays updated, count: 1
[6812:31584:0602/223002.569:VERBOSE1:device_event_log_impl.cc(198)] [22:30:02.570] Display: EVENT: screen_win.cc:895 Display[974124475] bounds=[0,0 1536x864], workarea=[0,0 1536x816], scale=1.25, rotation=0, panel_rotation=0 external detected
[6812:28116:0602/223003.063:VERBOSE1:media_stream_manager.cc(1533)] MSPL::OnSpeedLimitChange({this=000062C40012ED40}, {new_limit=20})
[6812:28116:0602/223006.951:VERBOSE1:media_stream_manager.cc(1533)] MSPL::OnSpeedLimitChange({this=000062C40012ED40}, {new_limit=22})
[6812:31584:0602/223007.679:VERBOSE1:device_event_log_impl.cc(198)] [22:30:07.680] Display: EVENT: screen_win.cc:893 Displays updated, count: 1
[6812:31584:0602/223007.680:VERBOSE1:device_event_log_impl.cc(198)] [22:30:07.680] Display: EVENT: screen_win.cc:895 Display[974124475] bounds=[0,0 1536x864], workarea=[0,0 1536x816], scale=1.25, rotation=0, panel_rotation=0 external detected
[6812:31584:0602/223007.770:VERBOSE1:device_event_log_impl.cc(198)] [22:30:07.770] Display: EVENT: screen_win.cc:893 Displays updated, count: 1
[6812:31584:0602/223007.770:VERBOSE1:device_event_log_impl.cc(198)] [22:30:07.770] Display: EVENT: screen_win.cc:895 Display[974124475] bounds=[0,0 1536x864], workarea=[0,0 1536x816], scale=1.25, rotation=0, panel_rotation=0 external detected
[6812:28116:0602/223007.947:VERBOSE1:media_stream_manager.cc(1533)] MSPL::OnSpeedLimitChange({this=000062C40012ED40}, {new_limit=21})
[6812:31584:0602/223010.558:VERBOSE1:device_event_log_impl.cc(198)] [22:30:10.559] Display: EVENT: screen_win.cc:893 Displays updated, count: 1
[6812:31584:0602/223010.558:VERBOSE1:device_event_log_impl.cc(198)] [22:30:10.559] Display: EVENT: screen_win.cc:895 Display[974124475] bounds=[0,0 1536x864], workarea=[0,0 1536x816], scale=1.25, rotation=0, panel_rotation=0 external detected
[6812:31584:0602/223010.600:VERBOSE1:device_event_log_impl.cc(198)] [22:30:10.600] Display: EVENT: screen_win.cc:893 Displays updated, count: 1
[6812:31584:0602/223010.600:VERBOSE1:device_event_log_impl.cc(198)] [22:30:10.600] Display: EVENT: screen_win.cc:895 Display[974124475] bounds=[0,0 1536x864], workarea=[0,0 1536x816], scale=1.25, rotation=0, panel_rotation=0 external detected
[6812:28116:0602/223014.137:VERBOSE1:media_stream_manager.cc(1533)] MSPL::OnSpeedLimitChange({this=000062C40012ED40}, {new_limit=22})
[6812:28116:0602/223015.144:VERBOSE1:media_stream_manager.cc(1533)] MSPL::OnSpeedLimitChange({this=000062C40012ED40}, {new_limit=24})
[6812:28116:0602/223016.145:VERBOSE1:media_stream_manager.cc(1533)] MSPL::OnSpeedLimitChange({this=000062C40012ED40}, {new_limit=26})
[6812:28116:0602/223017.139:VERBOSE1:media_stream_manager.cc(1533)] MSPL::OnSpeedLimitChange({this=000062C40012ED40}, {new_limit=25})
[6812:31584:0602/223017.382:VERBOSE1:device_event_log_impl.cc(198)] [22:30:17.382] Display: EVENT: screen_win.cc:893 Displays updated, count: 1
[6812:31584:0602/223017.382:VERBOSE1:device_event_log_impl.cc(198)] [22:30:17.382] Display: EVENT: screen_win.cc:895 Display[974124475] bounds=[0,0 1536x864], workarea=[0,0 1536x816], scale=1.25, rotation=0, panel_rotation=0 external detected
[6812:28116:0602/223021.062:VERBOSE1:media_stream_manager.cc(1533)] MSPL::OnSpeedLimitChange({this=000062C40012ED40}, {new_limit=24})
[6812:28116:0602/223028.075:VERBOSE1:media_stream_manager.cc(1533)] MSPL::OnSpeedLimitChange({this=000062C40012ED40}, {new_limit=25})
[6812:28116:0602/223030.066:VERBOSE1:media_stream_manager.cc(1533)] MSPL::OnSpeedLimitChange({this=000062C40012ED40}, {new_limit=26})
[6812:28116:0602/223034.069:VERBOSE1:media_stream_manager.cc(1533)] MSPL::OnSpeedLimitChange({this=000062C40012ED40}, {new_limit=27})
[6812:28116:0602/223038.069:VERBOSE1:media_stream_manager.cc(1533)] MSPL::OnSpeedLimitChange({this=000062C40012ED40}, {new_limit=26})
[6812:28116:0602/223039.068:VERBOSE1:media_stream_manager.cc(1533)] MSPL::OnSpeedLimitChange({this=000062C40012ED40}, {new_limit=27})
[6812:28116:0602/223040.068:VERBOSE1:media_stream_manager.cc(1533)] MSPL::OnSpeedLimitChange({this=000062C40012ED40}, {new_limit=26})
[6812:28116:0602/223047.070:VERBOSE1:media_stream_manager.cc(1533)] MSPL::OnSpeedLimitChange({this=000062C40012ED40}, {new_limit=27})
[6812:28116:0602/223052.070:VERBOSE1:media_stream_manager.cc(1533)] MSPL::OnSpeedLimitChange({this=000062C40012ED40}, {new_limit=26})
[6812:28116:0602/223102.083:VERBOSE1:media_stream_manager.cc(1533)] MSPL::OnSpeedLimitChange({this=000062C40012ED40}, {new_limit=27})
[6812:28116:0602/223131.075:VERBOSE1:media_stream_manager.cc(1533)] MSPL::OnSpeedLimitChange({this=000062C40012ED40}, {new_limit=26})
[6812:28116:0602/223138.084:VERBOSE1:media_stream_manager.cc(1533)] MSPL::OnSpeedLimitChange({this=000062C40012ED40}, {new_limit=25})
[6812:28116:0602/223139.080:VERBOSE1:media_stream_manager.cc(1533)] MSPL::OnSpeedLimitChange({this=000062C40012ED40}, {new_limit=26})
[6812:28116:0602/223141.081:VERBOSE1:media_stream_manager.cc(1533)] MSPL::OnSpeedLimitChange({this=000062C40012ED40}, {new_limit=25})
[6812:28116:0602/223142.081:VERBOSE1:media_stream_manager.cc(1533)] MSPL::OnSpeedLimitChange({this=000062C40012ED40}, {new_limit=26})
[6812:28116:0602/223154.081:VERBOSE1:media_stream_manager.cc(1533)] MSPL::OnSpeedLimitChange({this=000062C40012ED40}, {new_limit=25})
[6812:28116:0602/223158.083:VERBOSE1:media_stream_manager.cc(1533)] MSPL::OnSpeedLimitChange({this=000062C40012ED40}, {new_limit=26})
[6812:31584:0602/223208.404:VERBOSE1:device_event_log_impl.cc(198)] [22:32:08.404] Display: EVENT: screen_win.cc:893 Displays updated, count: 1
[6812:31584:0602/223208.404:VERBOSE1:device_event_log_impl.cc(198)] [22:32:08.404] Display: EVENT: screen_win.cc:895 Display[974124475] bounds=[0,0 1536x864], workarea=[0,0 1536x816], scale=1.25, rotation=0, panel_rotation=0 external detected
[6812:28116:0602/223209.001:VERBOSE1:media_stream_manager.cc(1533)] MSPL::OnSpeedLimitChange({this=000062C40012ED40}, {new_limit=25})
[6812:28116:0602/223210.017:VERBOSE1:media_stream_manager.cc(1533)] MSPL::OnSpeedLimitChange({this=000062C40012ED40}, {new_limit=23})
[6812:28116:0602/223211.003:VERBOSE1:media_stream_manager.cc(1533)] MSPL::OnSpeedLimitChange({this=000062C40012ED40}, {new_limit=21})
[6812:28116:0602/223211.993:VERBOSE1:media_stream_manager.cc(1533)] MSPL::OnSpeedLimitChange({this=000062C40012ED40}, {new_limit=20})
[6812:28116:0602/223213.068:VERBOSE1:media_stream_manager.cc(1533)] MSPL::OnSpeedLimitChange({this=000062C40012ED40}, {new_limit=19})
[6812:28116:0602/223214.033:VERBOSE1:media_stream_manager.cc(1533)] MSPL::OnSpeedLimitChange({this=000062C40012ED40}, {new_limit=18})
[6812:28116:0602/223216.325:VERBOSE1:media_stream_manager.cc(1533)] MSPL::OnSpeedLimitChange({this=000062C40012ED40}, {new_limit=17})
[6812:28116:0602/223217.019:VERBOSE1:media_stream_manager.cc(1533)] MSPL::OnSpeedLimitChange({this=000062C40012ED40}, {new_limit=16})
[6812:28116:0602/223219.047:VERBOSE1:media_stream_manager.cc(1533)] MSPL::OnSpeedLimitChange({this=000062C40012ED40}, {new_limit=17})
[6812:28116:0602/223220.014:VERBOSE1:media_stream_manager.cc(1533)] MSPL::OnSpeedLimitChange({this=000062C40012ED40}, {new_limit=18})
[6812:28116:0602/223221.004:VERBOSE1:media_stream_manager.cc(1533)] MSPL::OnSpeedLimitChange({this=000062C40012ED40}, {new_limit=19})
[6812:28116:0602/223222.018:VERBOSE1:media_stream_manager.cc(1533)] MSPL::OnSpeedLimitChange({this=000062C40012ED40}, {new_limit=20})
[6812:28116:0602/223226.007:VERBOSE1:media_stream_manager.cc(1533)] MSPL::OnSpeedLimitChange({this=000062C40012ED40}, {new_limit=21})
[9028:13340:0602/223227.282:VERBOSE1:network_delegate.cc(36)] NetworkDelegate::NotifyBeforeURLRequest: https://optimizationguide-pa.googleapis.com/v1:GetModels?key=dummytoken
[9028:13340:0602/223227.305:VERBOSE1:tls_handshaker.cc(105)] TlsClient: Continuing handshake
[9028:13340:0602/223227.307:VERBOSE1:tls_handshaker.cc(126)] TlsClient: SSL_do_handshake returned when entering early data. After retry, rv=-1, SSL_in_early_data=1
[9028:13340:0602/223227.348:VERBOSE1:tls_handshaker.cc(105)] TlsClient: Continuing handshake
[9028:13340:0602/223227.348:VERBOSE1:tls_handshaker.cc(105)] TlsClient: Continuing handshake
[9028:13340:0602/223227.348:VERBOSE1:tls_client_handshaker.cc(528)] Client: handshake finished
[6812:28116:0602/223228.024:VERBOSE1:media_stream_manager.cc(1533)] MSPL::OnSpeedLimitChange({this=000062C40012ED40}, {new_limit=20})
[6812:28116:0602/223230.022:VERBOSE1:media_stream_manager.cc(1533)] MSPL::OnSpeedLimitChange({this=000062C40012ED40}, {new_limit=19})
[6812:28116:0602/223231.040:VERBOSE1:media_stream_manager.cc(1533)] MSPL::OnSpeedLimitChange({this=000062C40012ED40}, {new_limit=18})
[6812:28116:0602/223236.041:VERBOSE1:media_stream_manager.cc(1533)] MSPL::OnSpeedLimitChange({this=000062C40012ED40}, {new_limit=17})
[6812:28116:0602/223241.043:VERBOSE1:media_stream_manager.cc(1533)] MSPL::OnSpeedLimitChange({this=000062C40012ED40}, {new_limit=18})
[6812:28116:0602/223246.057:VERBOSE1:media_stream_manager.cc(1533)] MSPL::OnSpeedLimitChange({this=000062C40012ED40}, {new_limit=19})
[6812:28116:0602/223259.126:VERBOSE1:media_stream_manager.cc(1533)] MSPL::OnSpeedLimitChange({this=000062C40012ED40}, {new_limit=20})
[6812:28116:0602/223300.142:VERBOSE1:media_stream_manager.cc(1533)] MSPL::OnSpeedLimitChange({this=000062C40012ED40}, {new_limit=19})
[6812:28116:0602/223304.164:VERBOSE1:media_stream_manager.cc(1533)] MSPL::OnSpeedLimitChange({this=000062C40012ED40}, {new_limit=20})
[6812:28116:0602/223310.126:VERBOSE1:media_stream_manager.cc(1533)] MSPL::OnSpeedLimitChange({this=000062C40012ED40}, {new_limit=19})
[6812:28116:0602/223322.215:VERBOSE1:media_stream_manager.cc(1533)] MSPL::OnSpeedLimitChange({this=000062C40012ED40}, {new_limit=20})
[6812:28116:0602/223334.227:VERBOSE1:media_stream_manager.cc(1533)] MSPL::OnSpeedLimitChange({this=000062C40012ED40}, {new_limit=21})
[6812:28116:0602/223343.201:VERBOSE1:media_stream_manager.cc(1533)] MSPL::OnSpeedLimitChange({this=000062C40012ED40}, {new_limit=20})
[6812:28116:0602/223346.192:VERBOSE1:media_stream_manager.cc(1533)] MSPL::OnSpeedLimitChange({this=000062C40012ED40}, {new_limit=21})
[6812:28116:0602/223348.214:VERBOSE1:media_stream_manager.cc(1533)] MSPL::OnSpeedLimitChange({this=000062C40012ED40}, {new_limit=20})
[6812:28116:0602/223349.194:VERBOSE1:media_stream_manager.cc(1533)] MSPL::OnSpeedLimitChange({this=000062C40012ED40}, {new_limit=21})
[6812:28116:0602/223353.289:VERBOSE1:media_stream_manager.cc(1533)] MSPL::OnSpeedLimitChange({this=000062C40012ED40}, {new_limit=22})
[6812:28116:0602/223354.245:VERBOSE1:media_stream_manager.cc(1533)] MSPL::OnSpeedLimitChange({this=000062C40012ED40}, {new_limit=21})
[6812:31584:0602/223412.665:VERBOSE1:device_event_log_impl.cc(198)] [22:34:12.665] Display: EVENT: screen_win.cc:893 Displays updated, count: 1
[6812:31584:0602/223412.666:VERBOSE1:device_event_log_impl.cc(198)] [22:34:12.665] Display: EVENT: screen_win.cc:895 Display[974124475] bounds=[0,0 1536x864], workarea=[0,0 1536x816], scale=1.25, rotation=0, panel_rotation=0 external detected
[6812:31584:0602/223414.058:VERBOSE1:device_event_log_impl.cc(198)] [22:34:14.058] Display: EVENT: screen_win.cc:893 Displays updated, count: 1
[6812:31584:0602/223414.058:VERBOSE1:device_event_log_impl.cc(198)] [22:34:14.058] Display: EVENT: screen_win.cc:895 Display[974124475] bounds=[0,0 1536x864], workarea=[0,0 1536x816], scale=1.25, rotation=0, panel_rotation=0 external detected
[6812:28116:0602/223415.321:VERBOSE1:media_stream_manager.cc(1533)] MSPL::OnSpeedLimitChange({this=000062C40012ED40}, {new_limit=20})
[6812:28116:0602/223420.378:VERBOSE1:media_stream_manager.cc(1533)] MSPL::OnSpeedLimitChange({this=000062C40012ED40}, {new_limit=19})
[6812:28116:0602/223421.378:VERBOSE1:media_stream_manager.cc(1533)] MSPL::OnSpeedLimitChange({this=000062C40012ED40}, {new_limit=20})
[6812:28116:0602/223423.378:VERBOSE1:media_stream_manager.cc(1533)] MSPL::OnSpeedLimitChange({this=000062C40012ED40}, {new_limit=21})
[6812:28116:0602/223424.379:VERBOSE1:media_stream_manager.cc(1533)] MSPL::OnSpeedLimitChange({this=000062C40012ED40}, {new_limit=22})
[6812:28116:0602/223426.380:VERBOSE1:media_stream_manager.cc(1533)] MSPL::OnSpeedLimitChange({this=000062C40012ED40}, {new_limit=23})
[6812:28116:0602/223427.379:VERBOSE1:media_stream_manager.cc(1533)] MSPL::OnSpeedLimitChange({this=000062C40012ED40}, {new_limit=24})
[6812:28116:0602/223428.381:VERBOSE1:media_stream_manager.cc(1533)] MSPL::OnSpeedLimitChange({this=000062C40012ED40}, {new_limit=25})
[6812:31584:0602/223428.731:VERBOSE1:device_event_log_impl.cc(198)] [22:34:28.731] Display: EVENT: screen_win.cc:893 Displays updated, count: 1
[6812:31584:0602/223428.731:VERBOSE1:device_event_log_impl.cc(198)] [22:34:28.731] Display: EVENT: screen_win.cc:895 Display[974124475] bounds=[0,0 1536x864], workarea=[0,0 1536x816], scale=1.25, rotation=0, panel_rotation=0 external detected
[6812:28116:0602/223430.302:VERBOSE1:media_stream_manager.cc(1533)] MSPL::OnSpeedLimitChange({this=000062C40012ED40}, {new_limit=26})
[6812:28116:0602/223431.430:VERBOSE1:media_stream_manager.cc(1533)] MSPL::OnSpeedLimitChange({this=000062C40012ED40}, {new_limit=25})
[6812:28116:0602/223432.294:VERBOSE1:media_stream_manager.cc(1533)] MSPL::OnSpeedLimitChange({this=000062C40012ED40}, {new_limit=24})
[6812:28116:0602/223434.312:VERBOSE1:media_stream_manager.cc(1533)] MSPL::OnSpeedLimitChange({this=000062C40012ED40}, {new_limit=23})
[6812:28116:0602/223435.255:VERBOSE1:media_stream_manager.cc(1533)] MSPL::OnSpeedLimitChange({this=000062C40012ED40}, {new_limit=22})
[6812:28116:0602/223437.313:VERBOSE1:media_stream_manager.cc(1533)] MSPL::OnSpeedLimitChange({this=000062C40012ED40}, {new_limit=21})
[6812:28116:0602/223439.293:VERBOSE1:media_stream_manager.cc(1533)] MSPL::OnSpeedLimitChange({this=000062C40012ED40}, {new_limit=20})
[6812:28116:0602/223444.292:VERBOSE1:media_stream_manager.cc(1533)] MSPL::OnSpeedLimitChange({this=000062C40012ED40}, {new_limit=21})
[6812:28116:0602/223445.327:VERBOSE1:media_stream_manager.cc(1533)] MSPL::OnSpeedLimitChange({this=000062C40012ED40}, {new_limit=20})
[6812:28116:0602/223453.366:VERBOSE1:media_stream_manager.cc(1533)] MSPL::OnSpeedLimitChange({this=000062C40012ED40}, {new_limit=21})
[6812:28116:0602/223508.397:VERBOSE1:media_stream_manager.cc(1533)] MSPL::OnSpeedLimitChange({this=000062C40012ED40}, {new_limit=22})
[6812:28116:0602/223509.344:VERBOSE1:media_stream_manager.cc(1533)] MSPL::OnSpeedLimitChange({this=000062C40012ED40}, {new_limit=21})
[9028:13340:0602/223510.393:VERBOSE1:network_delegate.cc(36)] NetworkDelegate::NotifyBeforeURLRequest: https://optimizationguide-pa.googleapis.com/v1:GetModels?key=dummytoken
[9028:13340:0602/223510.425:VERBOSE1:tls_handshaker.cc(105)] TlsClient: Continuing handshake
[9028:13340:0602/223510.425:VERBOSE1:tls_handshaker.cc(126)] TlsClient: SSL_do_handshake returned when entering early data. After retry, rv=-1, SSL_in_early_data=1
[9028:13340:0602/223510.466:VERBOSE1:tls_handshaker.cc(105)] TlsClient: Continuing handshake
[9028:13340:0602/223510.466:VERBOSE1:tls_handshaker.cc(105)] TlsClient: Continuing handshake
[9028:13340:0602/223510.466:VERBOSE1:tls_client_handshaker.cc(528)] Client: handshake finished
[6812:28116:0602/223512.357:VERBOSE1:media_stream_manager.cc(1533)] MSPL::OnSpeedLimitChange({this=000062C40012ED40}, {new_limit=20})
[6812:28116:0602/223517.428:VERBOSE1:media_stream_manager.cc(1533)] MSPL::OnSpeedLimitChange({this=000062C40012ED40}, {new_limit=21})
[6812:28116:0602/223518.351:VERBOSE1:media_stream_manager.cc(1533)] MSPL::OnSpeedLimitChange({this=000062C40012ED40}, {new_limit=20})
[6812:28116:0602/223519.380:VERBOSE1:media_stream_manager.cc(1533)] MSPL::OnSpeedLimitChange({this=000062C40012ED40}, {new_limit=21})
[6812:28116:0602/223522.391:VERBOSE1:media_stream_manager.cc(1533)] MSPL::OnSpeedLimitChange({this=000062C40012ED40}, {new_limit=22})
[6812:28116:0602/223523.416:VERBOSE1:media_stream_manager.cc(1533)] MSPL::OnSpeedLimitChange({this=000062C40012ED40}, {new_limit=23})
[6812:28116:0602/223524.351:VERBOSE1:media_stream_manager.cc(1533)] MSPL::OnSpeedLimitChange({this=000062C40012ED40}, {new_limit=22})
[6812:28116:0602/223528.417:VERBOSE1:media_stream_manager.cc(1533)] MSPL::OnSpeedLimitChange({this=000062C40012ED40}, {new_limit=21})
[6812:28116:0602/223529.484:VERBOSE1:media_stream_manager.cc(1533)] MSPL::OnSpeedLimitChange({this=000062C40012ED40}, {new_limit=22})
[6812:31584:0602/223532.312:VERBOSE1:device_event_log_impl.cc(198)] [22:35:32.312] Display: EVENT: screen_win.cc:893 Displays updated, count: 1
[6812:31584:0602/223532.313:VERBOSE1:device_event_log_impl.cc(198)] [22:35:32.312] Display: EVENT: screen_win.cc:895 Display[974124475] bounds=[0,0 1536x864], workarea=[0,0 1536x816], scale=1.25, rotation=0, panel_rotation=0 external detected
[6812:28116:0602/223533.366:VERBOSE1:media_stream_manager.cc(1533)] MSPL::OnSpeedLimitChange({this=000062C40012ED40}, {new_limit=21})
[6812:28116:0602/223535.424:VERBOSE1:media_stream_manager.cc(1533)] MSPL::OnSpeedLimitChange({this=000062C40012ED40}, {new_limit=22})
[6812:28116:0602/223537.415:VERBOSE1:media_stream_manager.cc(1533)] MSPL::OnSpeedLimitChange({this=000062C40012ED40}, {new_limit=23})
[6812:28116:0602/223539.489:VERBOSE1:media_stream_manager.cc(1533)] MSPL::OnSpeedLimitChange({this=000062C40012ED40}, {new_limit=22})
[6812:28116:0602/223540.493:VERBOSE1:media_stream_manager.cc(1533)] MSPL::OnSpeedLimitChange({this=000062C40012ED40}, {new_limit=21})
[6812:28116:0602/223541.509:VERBOSE1:media_stream_manager.cc(1533)] MSPL::OnSpeedLimitChange({this=000062C40012ED40}, {new_limit=22})
[6812:28116:0602/223543.488:VERBOSE1:media_stream_manager.cc(1533)] MSPL::OnSpeedLimitChange({this=000062C40012ED40}, {new_limit=23})
[6812:31584:0602/223544.511:VERBOSE1:device_event_log_impl.cc(198)] [22:35:44.511] Display: EVENT: screen_win.cc:893 Displays updated, count: 1
[6812:31584:0602/223544.511:VERBOSE1:device_event_log_impl.cc(198)] [22:35:44.511] Display: EVENT: screen_win.cc:895 Display[974124475] bounds=[0,0 1536x864], workarea=[0,0 1536x816], scale=1.25, rotation=0, panel_rotation=0 external detected
[6812:28116:0602/223548.510:VERBOSE1:media_stream_manager.cc(1533)] MSPL::OnSpeedLimitChange({this=000062C40012ED40}, {new_limit=24})
[6812:28116:0602/223549.517:VERBOSE1:media_stream_manager.cc(1533)] MSPL::OnSpeedLimitChange({this=000062C40012ED40}, {new_limit=25})
[6812:31584:0602/223549.579:VERBOSE1:device_event_log_impl.cc(198)] [22:35:49.580] Display: EVENT: screen_win.cc:893 Displays updated, count: 1
[6812:31584:0602/223549.579:VERBOSE1:device_event_log_impl.cc(198)] [22:35:49.580] Display: EVENT: screen_win.cc:895 Display[974124475] bounds=[0,0 1536x864], workarea=[0,0 1536x816], scale=1.25, rotation=0, panel_rotation=0 external detected
[6812:28116:0602/223551.418:VERBOSE1:media_stream_manager.cc(1533)] MSPL::OnSpeedLimitChange({this=000062C40012ED40}, {new_limit=23})
[6812:28116:0602/223553.426:VERBOSE1:media_stream_manager.cc(1533)] MSPL::OnSpeedLimitChange({this=000062C40012ED40}, {new_limit=22})
[6812:28116:0602/223554.427:VERBOSE1:media_stream_manager.cc(1533)] MSPL::OnSpeedLimitChange({this=000062C40012ED40}, {new_limit=21})
[6812:28116:0602/223558.660:VERBOSE1:media_stream_manager.cc(1533)] MSPL::OnSpeedLimitChange({this=000062C40012ED40}, {new_limit=20})
[6812:28116:0602/223600.660:VERBOSE1:media_stream_manager.cc(1533)] MSPL::OnSpeedLimitChange({this=000062C40012ED40}, {new_limit=21})
[6812:28116:0602/223601.668:VERBOSE1:media_stream_manager.cc(1533)] MSPL::OnSpeedLimitChange({this=000062C40012ED40}, {new_limit=22})
[6812:31584:0602/223601.712:VERBOSE1:device_event_log_impl.cc(198)] [22:36:01.712] Display: EVENT: screen_win.cc:893 Displays updated, count: 1
[6812:31584:0602/223601.712:VERBOSE1:device_event_log_impl.cc(198)] [22:36:01.712] Display: EVENT: screen_win.cc:895 Display[974124475] bounds=[0,0 1536x864], workarea=[0,0 1536x816], scale=1.25, rotation=0, panel_rotation=0 external detected
[6812:28116:0602/223602.429:VERBOSE1:media_stream_manager.cc(1533)] MSPL::OnSpeedLimitChange({this=000062C40012ED40}, {new_limit=23})
[6812:28116:0602/223603.453:VERBOSE1:media_stream_manager.cc(1533)] MSPL::OnSpeedLimitChange({this=000062C40012ED40}, {new_limit=22})
[6812:28116:0602/223604.528:VERBOSE1:media_stream_manager.cc(1533)] MSPL::OnSpeedLimitChange({this=000062C40012ED40}, {new_limit=23})
[6812:31584:0602/223606.447:VERBOSE1:device_event_log_impl.cc(198)] [22:36:06.447] Display: EVENT: screen_win.cc:893 Displays updated, count: 1
[6812:31584:0602/223606.447:VERBOSE1:device_event_log_impl.cc(198)] [22:36:06.447] Display: EVENT: screen_win.cc:895 Display[974124475] bounds=[0,0 1536x864], workarea=[0,0 1536x816], scale=1.25, rotation=0, panel_rotation=0 external detected
[6812:28116:0602/223611.812:VERBOSE1:media_stream_manager.cc(1533)] MSPL::OnSpeedLimitChange({this=000062C40012ED40}, {new_limit=22})
[6812:28116:0602/223612.466:VERBOSE1:media_stream_manager.cc(1533)] MSPL::OnSpeedLimitChange({this=000062C40012ED40}, {new_limit=21})
[6812:28116:0602/223613.466:VERBOSE1:media_stream_manager.cc(1533)] MSPL::OnSpeedLimitChange({this=000062C40012ED40}, {new_limit=22})
[6812:28116:0602/223614.777:VERBOSE1:media_stream_manager.cc(1533)] MSPL::OnSpeedLimitChange({this=000062C40012ED40}, {new_limit=21})
[6812:28116:0602/223617.499:VERBOSE1:media_stream_manager.cc(1533)] MSPL::OnSpeedLimitChange({this=000062C40012ED40}, {new_limit=22})
[6812:31584:0602/223618.860:VERBOSE1:device_event_log_impl.cc(198)] [22:36:18.860] Display: EVENT: screen_win.cc:893 Displays updated, count: 1
[6812:31584:0602/223618.860:VERBOSE1:device_event_log_impl.cc(198)] [22:36:18.861] Display: EVENT: screen_win.cc:895 Display[974124475] bounds=[0,0 1536x864], workarea=[0,0 1536x816], scale=1.25, rotation=0, panel_rotation=0 external detected
[6812:31584:0602/223618.961:VERBOSE1:device_event_log_impl.cc(198)] [22:36:18.961] Display: EVENT: screen_win.cc:893 Displays updated, count: 1
[6812:31584:0602/223618.961:VERBOSE1:device_event_log_impl.cc(198)] [22:36:18.961] Display: EVENT: screen_win.cc:895 Display[974124475] bounds=[0,0 1536x864], workarea=[0,0 1536x816], scale=1.25, rotation=0, panel_rotation=0 external detected
[6812:28116:0602/223619.607:VERBOSE1:media_stream_manager.cc(1533)] MSPL::OnSpeedLimitChange({this=000062C40012ED40}, {new_limit=23})
[6812:28116:0602/223622.628:VERBOSE1:media_stream_manager.cc(1533)] MSPL::OnSpeedLimitChange({this=000062C40012ED40}, {new_limit=24})
[6812:28116:0602/223623.619:VERBOSE1:media_stream_manager.cc(1533)] MSPL::OnSpeedLimitChange({this=000062C40012ED40}, {new_limit=25})
[6812:28116:0602/223625.624:VERBOSE1:media_stream_manager.cc(1533)] MSPL::OnSpeedLimitChange({this=000062C40012ED40}, {new_limit=26})
[6812:28116:0602/223630.621:VERBOSE1:media_stream_manager.cc(1533)] MSPL::OnSpeedLimitChange({this=000062C40012ED40}, {new_limit=27})
[6812:28116:0602/223631.631:VERBOSE1:media_stream_manager.cc(1533)] MSPL::OnSpeedLimitChange({this=000062C40012ED40}, {new_limit=26})
[6812:28116:0602/223632.623:VERBOSE1:media_stream_manager.cc(1533)] MSPL::OnSpeedLimitChange({this=000062C40012ED40}, {new_limit=27})
[6812:28116:0602/223634.619:VERBOSE1:media_stream_manager.cc(1533)] MSPL::OnSpeedLimitChange({this=000062C40012ED40}, {new_limit=26})
[6812:28116:0602/223641.630:VERBOSE1:media_stream_manager.cc(1533)] MSPL::OnSpeedLimitChange({this=000062C40012ED40}, {new_limit=27})
[6812:28116:0602/223705.632:VERBOSE1:media_stream_manager.cc(1533)] MSPL::OnSpeedLimitChange({this=000062C40012ED40}, {new_limit=26})
[6812:28116:0602/223713.628:VERBOSE1:media_stream_manager.cc(1533)] MSPL::OnSpeedLimitChange({this=000062C40012ED40}, {new_limit=27})
[6812:28116:0602/223721.631:VERBOSE1:media_stream_manager.cc(1533)] MSPL::OnSpeedLimitChange({this=000062C40012ED40}, {new_limit=26})
[6812:28116:0602/223729.634:VERBOSE1:media_stream_manager.cc(1533)] MSPL::OnSpeedLimitChange({this=000062C40012ED40}, {new_limit=25})
[6812:28116:0602/223734.630:VERBOSE1:media_stream_manager.cc(1533)] MSPL::OnSpeedLimitChange({this=000062C40012ED40}, {new_limit=24})
[6812:28116:0602/223740.640:VERBOSE1:media_stream_manager.cc(1533)] MSPL::OnSpeedLimitChange({this=000062C40012ED40}, {new_limit=25})
[6812:28116:0602/223742.630:VERBOSE1:media_stream_manager.cc(1533)] MSPL::OnSpeedLimitChange({this=000062C40012ED40}, {new_limit=26})
[6812:28116:0602/223745.632:VERBOSE1:media_stream_manager.cc(1533)] MSPL::OnSpeedLimitChange({this=000062C40012ED40}, {new_limit=27})
[9028:13340:0602/223752.308:VERBOSE1:network_delegate.cc(36)] NetworkDelegate::NotifyBeforeURLRequest: https://optimizationguide-pa.googleapis.com/v1:GetModels?key=dummytoken
[9028:13340:0602/223752.320:VERBOSE1:tls_handshaker.cc(105)] TlsClient: Continuing handshake
[9028:13340:0602/223752.321:VERBOSE1:tls_handshaker.cc(126)] TlsClient: SSL_do_handshake returned when entering early data. After retry, rv=-1, SSL_in_early_data=1
[9028:13340:0602/223752.360:VERBOSE1:tls_handshaker.cc(105)] TlsClient: Continuing handshake
[9028:13340:0602/223752.360:VERBOSE1:tls_handshaker.cc(105)] TlsClient: Continuing handshake
[9028:13340:0602/223752.360:VERBOSE1:tls_client_handshaker.cc(528)] Client: handshake finished
[6812:28116:0602/223758.637:VERBOSE1:media_stream_manager.cc(1533)] MSPL::OnSpeedLimitChange({this=000062C40012ED40}, {new_limit=26})
[6812:28116:0602/223759.634:VERBOSE1:media_stream_manager.cc(1533)] MSPL::OnSpeedLimitChange({this=000062C40012ED40}, {new_limit=27})
[6812:31584:0602/223900.685:VERBOSE1:device_event_log_impl.cc(198)] [22:39:00.685] Display: EVENT: screen_win.cc:893 Displays updated, count: 1
[6812:31584:0602/223900.686:VERBOSE1:device_event_log_impl.cc(198)] [22:39:00.686] Display: EVENT: screen_win.cc:895 Display[974124475] bounds=[0,0 1536x864], workarea=[0,0 1536x816], scale=1.25, rotation=0, panel_rotation=0 external detected
[6812:28116:0602/223901.606:VERBOSE1:media_stream_manager.cc(1533)] MSPL::OnSpeedLimitChange({this=000062C40012ED40}, {new_limit=26})
[6812:28116:0602/223902.652:VERBOSE1:media_stream_manager.cc(1533)] MSPL::OnSpeedLimitChange({this=000062C40012ED40}, {new_limit=25})
[6812:28116:0602/223904.843:VERBOSE1:media_stream_manager.cc(1533)] MSPL::OnSpeedLimitChange({this=000062C40012ED40}, {new_limit=24})
[6812:28116:0602/223911.831:VERBOSE1:media_stream_manager.cc(1533)] MSPL::OnSpeedLimitChange({this=000062C40012ED40}, {new_limit=25})
[6812:28116:0602/223913.834:VERBOSE1:media_stream_manager.cc(1533)] MSPL::OnSpeedLimitChange({this=000062C40012ED40}, {new_limit=26})
[6812:28116:0602/223914.836:VERBOSE1:media_stream_manager.cc(1533)] MSPL::OnSpeedLimitChange({this=000062C40012ED40}, {new_limit=27})
[6812:31584:0602/223915.430:VERBOSE1:device_event_log_impl.cc(198)] [22:39:15.430] Display: EVENT: screen_win.cc:893 Displays updated, count: 1
[6812:31584:0602/223915.430:VERBOSE1:device_event_log_impl.cc(198)] [22:39:15.430] Display: EVENT: screen_win.cc:895 Display[974124475] bounds=[0,0 1536x864], workarea=[0,0 1536x816], scale=1.25, rotation=0, panel_rotation=0 external detected
[6812:28116:0602/223915.717:VERBOSE1:media_stream_manager.cc(1533)] MSPL::OnSpeedLimitChange({this=000062C40012ED40}, {new_limit=26})
[6812:28116:0602/223916.640:VERBOSE1:media_stream_manager.cc(1533)] MSPL::OnSpeedLimitChange({this=000062C40012ED40}, {new_limit=25})
[6812:28116:0602/223919.607:VERBOSE1:media_stream_manager.cc(1533)] MSPL::OnSpeedLimitChange({this=000062C40012ED40}, {new_limit=24})
[6812:28116:0602/223920.616:VERBOSE1:media_stream_manager.cc(1533)] MSPL::OnSpeedLimitChange({this=000062C40012ED40}, {new_limit=23})
[6812:28116:0602/223925.204:VERBOSE1:media_stream_manager.cc(1533)] MSPL::OnSpeedLimitChange({this=000062C40012ED40}, {new_limit=22})
[6812:28116:0602/223926.634:VERBOSE1:media_stream_manager.cc(1533)] MSPL::OnSpeedLimitChange({this=000062C40012ED40}, {new_limit=23})
[6812:28116:0602/223932.739:VERBOSE1:media_stream_manager.cc(1533)] MSPL::OnSpeedLimitChange({this=000062C40012ED40}, {new_limit=24})
[6812:28116:0602/223935.732:VERBOSE1:media_stream_manager.cc(1533)] MSPL::OnSpeedLimitChange({this=000062C40012ED40}, {new_limit=25})
[6812:31584:0602/223937.309:VERBOSE1:device_event_log_impl.cc(198)] [22:39:37.309] Display: EVENT: screen_win.cc:893 Displays updated, count: 1
[6812:31584:0602/223937.309:VERBOSE1:device_event_log_impl.cc(198)] [22:39:37.309] Display: EVENT: screen_win.cc:895 Display[974124475] bounds=[0,0 1536x864], workarea=[0,0 1536x816], scale=1.25, rotation=0, panel_rotation=0 external detected
[6812:28116:0602/223939.812:VERBOSE1:media_stream_manager.cc(1533)] MSPL::OnSpeedLimitChange({this=000062C40012ED40}, {new_limit=24})
[6812:28116:0602/223940.811:VERBOSE1:media_stream_manager.cc(1533)] MSPL::OnSpeedLimitChange({this=000062C40012ED40}, {new_limit=25})
[6812:31584:0602/223945.331:VERBOSE1:device_event_log_impl.cc(198)] [22:39:45.331] Display: EVENT: screen_win.cc:893 Displays updated, count: 1
[6812:31584:0602/223945.332:VERBOSE1:device_event_log_impl.cc(198)] [22:39:45.331] Display: EVENT: screen_win.cc:895 Display[974124475] bounds=[0,0 1536x864], workarea=[0,0 1536x816], scale=1.25, rotation=0, panel_rotation=0 external detected
[6812:28116:0602/223951.697:VERBOSE1:media_stream_manager.cc(1533)] MSPL::OnSpeedLimitChange({this=000062C40012ED40}, {new_limit=24})
[6812:28116:0602/223951.697:VERBOSE1:media_stream_manager.cc(1533)] MSPL::OnSpeedLimitChange({this=000062C40012ED40}, {new_limit=25})
[6812:28116:0602/223951.697:VERBOSE1:media_stream_manager.cc(1533)] MSPL::OnSpeedLimitChange({this=000062C40012ED40}, {new_limit=26})
[6812:28116:0602/223952.647:VERBOSE1:media_stream_manager.cc(1533)] MSPL::OnSpeedLimitChange({this=000062C40012ED40}, {new_limit=25})
[6812:28116:0602/223954.631:VERBOSE1:media_stream_manager.cc(1533)] MSPL::OnSpeedLimitChange({this=000062C40012ED40}, {new_limit=24})
[6812:28116:0602/223957.668:VERBOSE1:media_stream_manager.cc(1533)] MSPL::OnSpeedLimitChange({this=000062C40012ED40}, {new_limit=23})
[6812:31584:0602/223958.408:VERBOSE1:device_event_log_impl.cc(198)] [22:39:58.408] Display: EVENT: screen_win.cc:893 Displays updated, count: 1
[6812:31584:0602/223958.408:VERBOSE1:device_event_log_impl.cc(198)] [22:39:58.408] Display: EVENT: screen_win.cc:895 Display[974124475] bounds=[0,0 1536x864], workarea=[0,0 1536x816], scale=1.25, rotation=0, panel_rotation=0 external detected
[6812:28116:0602/223958.695:VERBOSE1:media_stream_manager.cc(1533)] MSPL::OnSpeedLimitChange({this=000062C40012ED40}, {new_limit=22})
[6812:28116:0602/224000.740:VERBOSE1:media_stream_manager.cc(1533)] MSPL::OnSpeedLimitChange({this=000062C40012ED40}, {new_limit=21})
[6812:28116:0602/224002.747:VERBOSE1:media_stream_manager.cc(1533)] MSPL::OnSpeedLimitChange({this=000062C40012ED40}, {new_limit=22})
[6812:28116:0602/224004.745:VERBOSE1:media_stream_manager.cc(1533)] MSPL::OnSpeedLimitChange({this=000062C40012ED40}, {new_limit=23})
[6812:31584:0602/224005.852:VERBOSE1:device_event_log_impl.cc(198)] [22:40:05.852] Display: EVENT: screen_win.cc:893 Displays updated, count: 1
[6812:31584:0602/224005.852:VERBOSE1:device_event_log_impl.cc(198)] [22:40:05.852] Display: EVENT: screen_win.cc:895 Display[974124475] bounds=[0,0 1536x864], workarea=[0,0 1536x816], scale=1.25, rotation=0, panel_rotation=0 external detected
[6812:28116:0602/224006.713:VERBOSE1:media_stream_manager.cc(1533)] MSPL::OnSpeedLimitChange({this=000062C40012ED40}, {new_limit=22})
[6812:28116:0602/224007.651:VERBOSE1:media_stream_manager.cc(1533)] MSPL::OnSpeedLimitChange({this=000062C40012ED40}, {new_limit=23})
[6812:28116:0602/224009.667:VERBOSE1:media_stream_manager.cc(1533)] MSPL::OnSpeedLimitChange({this=000062C40012ED40}, {new_limit=24})
[6812:28116:0602/224010.664:VERBOSE1:media_stream_manager.cc(1533)] MSPL::OnSpeedLimitChange({this=000062C40012ED40}, {new_limit=25})
[6812:31584:0602/224011.391:VERBOSE1:device_event_log_impl.cc(198)] [22:40:11.391] Display: EVENT: screen_win.cc:893 Displays updated, count: 1
[6812:31584:0602/224011.391:VERBOSE1:device_event_log_impl.cc(198)] [22:40:11.391] Display: EVENT: screen_win.cc:895 Display[974124475] bounds=[0,0 1536x864], workarea=[0,0 1536x816], scale=1.25, rotation=0, panel_rotation=0 external detected
[6812:28116:0602/224012.706:VERBOSE1:media_stream_manager.cc(1533)] MSPL::OnSpeedLimitChange({this=000062C40012ED40}, {new_limit=24})
[6812:28116:0602/224013.703:VERBOSE1:media_stream_manager.cc(1533)] MSPL::OnSpeedLimitChange({this=000062C40012ED40}, {new_limit=23})
[6812:28116:0602/224014.723:VERBOSE1:media_stream_manager.cc(1533)] MSPL::OnSpeedLimitChange({this=000062C40012ED40}, {new_limit=24})
[6812:31584:0602/224017.580:VERBOSE1:device_event_log_impl.cc(198)] [22:40:17.580] Display: EVENT: screen_win.cc:893 Displays updated, count: 1
[6812:31584:0602/224017.580:VERBOSE1:device_event_log_impl.cc(198)] [22:40:17.580] Display: EVENT: screen_win.cc:895 Display[974124475] bounds=[0,0 1536x864], workarea=[0,0 1536x816], scale=1.25, rotation=0, panel_rotation=0 external detected
[6812:28116:0602/224017.758:VERBOSE1:media_stream_manager.cc(1533)] MSPL::OnSpeedLimitChange({this=000062C40012ED40}, {new_limit=25})
[6812:28116:0602/224018.689:VERBOSE1:media_stream_manager.cc(1533)] MSPL::OnSpeedLimitChange({this=000062C40012ED40}, {new_limit=24})
[6812:28116:0602/224019.690:VERBOSE1:media_stream_manager.cc(1533)] MSPL::OnSpeedLimitChange({this=000062C40012ED40}, {new_limit=23})
[6812:28116:0602/224022.705:VERBOSE1:media_stream_manager.cc(1533)] MSPL::OnSpeedLimitChange({this=000062C40012ED40}, {new_limit=24})
[6812:28116:0602/224023.701:VERBOSE1:media_stream_manager.cc(1533)] MSPL::OnSpeedLimitChange({this=000062C40012ED40}, {new_limit=25})
[6812:31584:0602/224026.773:VERBOSE1:device_event_log_impl.cc(198)] [22:40:26.774] Display: EVENT: screen_win.cc:893 Displays updated, count: 1
[6812:31584:0602/224026.773:VERBOSE1:device_event_log_impl.cc(198)] [22:40:26.774] Display: EVENT: screen_win.cc:895 Display[974124475] bounds=[0,0 1536x864], workarea=[0,0 1536x816], scale=1.25, rotation=0, panel_rotation=0 external detected
[6812:28116:0602/224027.695:VERBOSE1:media_stream_manager.cc(1533)] MSPL::OnSpeedLimitChange({this=000062C40012ED40}, {new_limit=24})
[6812:28116:0602/224028.673:VERBOSE1:media_stream_manager.cc(1533)] MSPL::OnSpeedLimitChange({this=000062C40012ED40}, {new_limit=25})
[6812:28116:0602/224030.735:VERBOSE1:media_stream_manager.cc(1533)] MSPL::OnSpeedLimitChange({this=000062C40012ED40}, {new_limit=24})
[6812:28116:0602/224032.771:VERBOSE1:media_stream_manager.cc(1533)] MSPL::OnSpeedLimitChange({this=000062C40012ED40}, {new_limit=23})
[6812:28116:0602/224034.695:VERBOSE1:media_stream_manager.cc(1533)] MSPL::OnSpeedLimitChange({this=000062C40012ED40}, {new_limit=22})
[6812:28116:0602/224035.783:VERBOSE1:media_stream_manager.cc(1533)] MSPL::OnSpeedLimitChange({this=000062C40012ED40}, {new_limit=21})
[6812:28116:0602/224037.776:VERBOSE1:media_stream_manager.cc(1533)] MSPL::OnSpeedLimitChange({this=000062C40012ED40}, {new_limit=22})
[6812:28116:0602/224038.780:VERBOSE1:media_stream_manager.cc(1533)] MSPL::OnSpeedLimitChange({this=000062C40012ED40}, {new_limit=23})
[6812:28116:0602/224040.780:VERBOSE1:media_stream_manager.cc(1533)] MSPL::OnSpeedLimitChange({this=000062C40012ED40}, {new_limit=24})
[6812:28116:0602/224043.782:VERBOSE1:media_stream_manager.cc(1533)] MSPL::OnSpeedLimitChange({this=000062C40012ED40}, {new_limit=25})
[6812:28116:0602/224044.779:VERBOSE1:media_stream_manager.cc(1533)] MSPL::OnSpeedLimitChange({this=000062C40012ED40}, {new_limit=26})
[6812:28116:0602/224045.782:VERBOSE1:media_stream_manager.cc(1533)] MSPL::OnSpeedLimitChange({this=000062C40012ED40}, {new_limit=27})
[6812:31584:0602/224051.036:VERBOSE1:device_event_log_impl.cc(198)] [22:40:51.037] Display: EVENT: screen_win.cc:893 Displays updated, count: 1
[6812:31584:0602/224051.036:VERBOSE1:device_event_log_impl.cc(198)] [22:40:51.037] Display: EVENT: screen_win.cc:895 Display[974124475] bounds=[0,0 1536x864], workarea=[0,0 1536x816], scale=1.25, rotation=0, panel_rotation=0 external detected
[9028:13340:0602/224051.640:VERBOSE1:network_delegate.cc(36)] NetworkDelegate::NotifyBeforeURLRequest: https://optimizationguide-pa.googleapis.com/v1:GetModels?key=dummytoken
[9028:13340:0602/224051.655:VERBOSE1:tls_handshaker.cc(105)] TlsClient: Continuing handshake
[9028:13340:0602/224051.691:VERBOSE1:tls_handshaker.cc(105)] TlsClient: Continuing handshake
[6812:28116:0602/224051.794:VERBOSE1:media_stream_manager.cc(1533)] MSPL::OnSpeedLimitChange({this=000062C40012ED40}, {new_limit=26})
[9028:13340:0602/224052.232:VERBOSE1:tls_handshaker.cc(105)] TlsClient: Continuing handshake
[9028:13340:0602/224052.233:VERBOSE1:tls_handshaker.cc(126)] TlsClient: SSL_do_handshake returned when entering early data. After retry, rv=-1, SSL_in_early_data=1
[9028:13340:0602/224052.235:VERBOSE1:tls_handshaker.cc(105)] TlsClient: Continuing handshake
[9028:13340:0602/224052.235:VERBOSE1:tls_client_handshaker.cc(528)] Client: handshake finished
[6812:28116:0602/224057.695:VERBOSE1:media_stream_manager.cc(1533)] MSPL::OnSpeedLimitChange({this=000062C40012ED40}, {new_limit=25})
[6812:28116:0602/224058.702:VERBOSE1:media_stream_manager.cc(1533)] MSPL::OnSpeedLimitChange({this=000062C40012ED40}, {new_limit=24})
[6812:28116:0602/224100.718:VERBOSE1:media_stream_manager.cc(1533)] MSPL::OnSpeedLimitChange({this=000062C40012ED40}, {new_limit=23})
[6812:28116:0602/224105.265:VERBOSE1:media_stream_manager.cc(1533)] MSPL::OnSpeedLimitChange({this=000062C40012ED40}, {new_limit=22})
[6812:28116:0602/224108.932:VERBOSE1:media_stream_manager.cc(1533)] MSPL::OnSpeedLimitChange({this=000062C40012ED40}, {new_limit=23})
[6812:28116:0602/224111.762:VERBOSE1:media_stream_manager.cc(1533)] MSPL::OnSpeedLimitChange({this=000062C40012ED40}, {new_limit=22})
[6812:28116:0602/224113.705:VERBOSE1:media_stream_manager.cc(1533)] MSPL::OnSpeedLimitChange({this=000062C40012ED40}, {new_limit=23})
[6812:28116:0602/224114.742:VERBOSE1:media_stream_manager.cc(1533)] MSPL::OnSpeedLimitChange({this=000062C40012ED40}, {new_limit=22})
[6812:28116:0602/224118.701:VERBOSE1:media_stream_manager.cc(1533)] MSPL::OnSpeedLimitChange({this=000062C40012ED40}, {new_limit=21})
[6812:28116:0602/224120.722:VERBOSE1:media_stream_manager.cc(1533)] MSPL::OnSpeedLimitChange({this=000062C40012ED40}, {new_limit=22})
[6812:28116:0602/224122.906:VERBOSE1:media_stream_manager.cc(1533)] MSPL::OnSpeedLimitChange({this=000062C40012ED40}, {new_limit=21})
[6812:28116:0602/224123.745:VERBOSE1:media_stream_manager.cc(1533)] MSPL::OnSpeedLimitChange({this=000062C40012ED40}, {new_limit=20})
[6812:28116:0602/224126.976:VERBOSE1:media_stream_manager.cc(1533)] MSPL::OnSpeedLimitChange({this=000062C40012ED40}, {new_limit=19})
[6812:28116:0602/224130.788:VERBOSE1:media_stream_manager.cc(1533)] MSPL::OnSpeedLimitChange({this=000062C40012ED40}, {new_limit=18})
[6812:28116:0602/224131.759:VERBOSE1:media_stream_manager.cc(1533)] MSPL::OnSpeedLimitChange({this=000062C40012ED40}, {new_limit=19})
[6812:28116:0602/224133.838:VERBOSE1:media_stream_manager.cc(1533)] MSPL::OnSpeedLimitChange({this=000062C40012ED40}, {new_limit=20})
[6812:28116:0602/224135.830:VERBOSE1:media_stream_manager.cc(1533)] MSPL::OnSpeedLimitChange({this=000062C40012ED40}, {new_limit=22})
[6812:28116:0602/224136.830:VERBOSE1:media_stream_manager.cc(1533)] MSPL::OnSpeedLimitChange({this=000062C40012ED40}, {new_limit=23})
[6812:28116:0602/224138.830:VERBOSE1:media_stream_manager.cc(1533)] MSPL::OnSpeedLimitChange({this=000062C40012ED40}, {new_limit=24})
[6812:28116:0602/224140.835:VERBOSE1:media_stream_manager.cc(1533)] MSPL::OnSpeedLimitChange({this=000062C40012ED40}, {new_limit=25})
[6812:31584:0602/224142.439:VERBOSE1:device_event_log_impl.cc(198)] [22:41:42.439] Display: EVENT: screen_win.cc:893 Displays updated, count: 1
[6812:31584:0602/224142.439:VERBOSE1:device_event_log_impl.cc(198)] [22:41:42.440] Display: EVENT: screen_win.cc:895 Display[974124475] bounds=[0,0 1536x864], workarea=[0,0 1536x816], scale=1.25, rotation=0, panel_rotation=0 external detected
[6812:28116:0602/224142.862:VERBOSE1:media_stream_manager.cc(1533)] MSPL::OnSpeedLimitChange({this=000062C40012ED40}, {new_limit=26})
[6812:28116:0602/224144.761:VERBOSE1:media_stream_manager.cc(1533)] MSPL::OnSpeedLimitChange({this=000062C40012ED40}, {new_limit=25})
[6812:28116:0602/224145.805:VERBOSE1:media_stream_manager.cc(1533)] MSPL::OnSpeedLimitChange({this=000062C40012ED40}, {new_limit=24})
[6812:31584:0602/224149.757:VERBOSE1:device_event_log_impl.cc(198)] [22:41:49.757] Display: EVENT: screen_win.cc:893 Displays updated, count: 1
[6812:31584:0602/224149.757:VERBOSE1:device_event_log_impl.cc(198)] [22:41:49.757] Display: EVENT: screen_win.cc:895 Display[974124475] bounds=[0,0 1536x864], workarea=[0,0 1536x816], scale=1.25, rotation=0, panel_rotation=0 external detected
[6812:28116:0602/224151.832:VERBOSE1:media_stream_manager.cc(1533)] MSPL::OnSpeedLimitChange({this=000062C40012ED40}, {new_limit=23})
[6812:28116:0602/224200.999:VERBOSE1:media_stream_manager.cc(1533)] MSPL::OnSpeedLimitChange({this=000062C40012ED40}, {new_limit=24})
[6812:31584:0602/224202.214:VERBOSE1:device_event_log_impl.cc(198)] [22:42:02.214] Display: EVENT: screen_win.cc:893 Displays updated, count: 1
[6812:31584:0602/224202.214:VERBOSE1:device_event_log_impl.cc(198)] [22:42:02.214] Display: EVENT: screen_win.cc:895 Display[974124475] bounds=[0,0 1536x864], workarea=[0,0 1536x816], scale=1.25, rotation=0, panel_rotation=0 external detected
[6812:28116:0602/224205.783:VERBOSE1:media_stream_manager.cc(1533)] MSPL::OnSpeedLimitChange({this=000062C40012ED40}, {new_limit=23})
[6812:28116:0602/224206.888:VERBOSE1:media_stream_manager.cc(1533)] MSPL::OnSpeedLimitChange({this=000062C40012ED40}, {new_limit=24})
[6812:31584:0602/224207.750:VERBOSE1:device_event_log_impl.cc(198)] [22:42:07.750] Display: EVENT: screen_win.cc:893 Displays updated, count: 1
[6812:31584:0602/224207.750:VERBOSE1:device_event_log_impl.cc(198)] [22:42:07.750] Display: EVENT: screen_win.cc:895 Display[974124475] bounds=[0,0 1536x864], workarea=[0,0 1536x816], scale=1.25, rotation=0, panel_rotation=0 external detected
[6812:28116:0602/224207.885:VERBOSE1:media_stream_manager.cc(1533)] MSPL::OnSpeedLimitChange({this=000062C40012ED40}, {new_limit=23})
[6812:28116:0602/224209.888:VERBOSE1:media_stream_manager.cc(1533)] MSPL::OnSpeedLimitChange({this=000062C40012ED40}, {new_limit=22})
[6812:28116:0602/224211.793:VERBOSE1:media_stream_manager.cc(1533)] MSPL::OnSpeedLimitChange({this=000062C40012ED40}, {new_limit=21})
[6812:28116:0602/224214.847:VERBOSE1:media_stream_manager.cc(1533)] MSPL::OnSpeedLimitChange({this=000062C40012ED40}, {new_limit=22})
[6812:28116:0602/224216.903:VERBOSE1:media_stream_manager.cc(1533)] MSPL::OnSpeedLimitChange({this=000062C40012ED40}, {new_limit=21})
[6812:28116:0602/224223.875:VERBOSE1:media_stream_manager.cc(1533)] MSPL::OnSpeedLimitChange({this=000062C40012ED40}, {new_limit=20})
[6812:28116:0602/224225.905:VERBOSE1:media_stream_manager.cc(1533)] MSPL::OnSpeedLimitChange({this=000062C40012ED40}, {new_limit=21})
[6812:28116:0602/224227.856:VERBOSE1:media_stream_manager.cc(1533)] MSPL::OnSpeedLimitChange({this=000062C40012ED40}, {new_limit=20})
[6812:28116:0602/224230.900:VERBOSE1:media_stream_manager.cc(1533)] MSPL::OnSpeedLimitChange({this=000062C40012ED40}, {new_limit=21})
[6812:28116:0602/224231.908:VERBOSE1:media_stream_manager.cc(1533)] MSPL::OnSpeedLimitChange({this=000062C40012ED40}, {new_limit=22})
[6812:28116:0602/224233.892:VERBOSE1:media_stream_manager.cc(1533)] MSPL::OnSpeedLimitChange({this=000062C40012ED40}, {new_limit=23})
[6812:31584:0602/224234.043:VERBOSE1:device_event_log_impl.cc(198)] [22:42:34.043] Display: EVENT: screen_win.cc:893 Displays updated, count: 1
[6812:31584:0602/224234.043:VERBOSE1:device_event_log_impl.cc(198)] [22:42:34.044] Display: EVENT: screen_win.cc:895 Display[974124475] bounds=[0,0 1536x864], workarea=[0,0 1536x816], scale=1.25, rotation=0, panel_rotation=0 external detected
[6812:28116:0602/224237.844:VERBOSE1:media_stream_manager.cc(1533)] MSPL::OnSpeedLimitChange({this=000062C40012ED40}, {new_limit=24})
[6812:28116:0602/224240.842:VERBOSE1:media_stream_manager.cc(1533)] MSPL::OnSpeedLimitChange({this=000062C40012ED40}, {new_limit=23})
[6812:28116:0602/224242.892:VERBOSE1:media_stream_manager.cc(1533)] MSPL::OnSpeedLimitChange({this=000062C40012ED40}, {new_limit=22})
[6812:28116:0602/224243.878:VERBOSE1:media_stream_manager.cc(1533)] MSPL::OnSpeedLimitChange({this=000062C40012ED40}, {new_limit=21})
[6812:28116:0602/224245.877:VERBOSE1:media_stream_manager.cc(1533)] MSPL::OnSpeedLimitChange({this=000062C40012ED40}, {new_limit=22})
[6812:28116:0602/224248.883:VERBOSE1:media_stream_manager.cc(1533)] MSPL::OnSpeedLimitChange({this=000062C40012ED40}, {new_limit=23})
[6812:31584:0602/224249.856:VERBOSE1:device_event_log_impl.cc(198)] [22:42:49.856] Display: EVENT: screen_win.cc:893 Displays updated, count: 1
[6812:31584:0602/224249.856:VERBOSE1:device_event_log_impl.cc(198)] [22:42:49.856] Display: EVENT: screen_win.cc:895 Display[974124475] bounds=[0,0 1536x864], workarea=[0,0 1536x816], scale=1.25, rotation=0, panel_rotation=0 external detected
[6812:28116:0602/224253.920:VERBOSE1:media_stream_manager.cc(1533)] MSPL::OnSpeedLimitChange({this=000062C40012ED40}, {new_limit=24})
[6812:28116:0602/224254.876:VERBOSE1:media_stream_manager.cc(1533)] MSPL::OnSpeedLimitChange({this=000062C40012ED40}, {new_limit=23})
[6812:28116:0602/224257.870:VERBOSE1:media_stream_manager.cc(1533)] MSPL::OnSpeedLimitChange({this=000062C40012ED40}, {new_limit=22})
[6812:28116:0602/224259.868:VERBOSE1:media_stream_manager.cc(1533)] MSPL::OnSpeedLimitChange({this=000062C40012ED40}, {new_limit=23})
[6812:28116:0602/224301.875:VERBOSE1:media_stream_manager.cc(1533)] MSPL::OnSpeedLimitChange({this=000062C40012ED40}, {new_limit=25})
[6812:28116:0602/224303.874:VERBOSE1:media_stream_manager.cc(1533)] MSPL::OnSpeedLimitChange({this=000062C40012ED40}, {new_limit=26})
[6812:28116:0602/224307.883:VERBOSE1:media_stream_manager.cc(1533)] MSPL::OnSpeedLimitChange({this=000062C40012ED40}, {new_limit=27})
[6812:31584:0602/224318.809:VERBOSE1:device_event_log_impl.cc(198)] [22:43:18.809] Display: EVENT: screen_win.cc:893 Displays updated, count: 1
[6812:31584:0602/224318.809:VERBOSE1:device_event_log_impl.cc(198)] [22:43:18.809] Display: EVENT: screen_win.cc:895 Display[974124475] bounds=[0,0 1536x864], workarea=[0,0 1536x816], scale=1.25, rotation=0, panel_rotation=0 external detected
[6812:28116:0602/224319.895:VERBOSE1:media_stream_manager.cc(1533)] MSPL::OnSpeedLimitChange({this=000062C40012ED40}, {new_limit=26})
[6812:28116:0602/224321.341:VERBOSE1:media_stream_manager.cc(1533)] MSPL::OnSpeedLimitChange({this=000062C40012ED40}, {new_limit=25})
[6812:28116:0602/224322.915:VERBOSE1:media_stream_manager.cc(1533)] MSPL::OnSpeedLimitChange({this=000062C40012ED40}, {new_limit=24})
[6812:28116:0602/224325.202:VERBOSE1:media_stream_manager.cc(1533)] MSPL::OnSpeedLimitChange({this=000062C40012ED40}, {new_limit=23})
[6812:31584:0602/224327.750:VERBOSE1:device_event_log_impl.cc(198)] [22:43:27.751] Display: EVENT: screen_win.cc:893 Displays updated, count: 1
[6812:31584:0602/224327.750:VERBOSE1:device_event_log_impl.cc(198)] [22:43:27.751] Display: EVENT: screen_win.cc:895 Display[974124475] bounds=[0,0 1536x864], workarea=[0,0 1536x816], scale=1.25, rotation=0, panel_rotation=0 external detected
[6812:28116:0602/224329.928:VERBOSE1:media_stream_manager.cc(1533)] MSPL::OnSpeedLimitChange({this=000062C40012ED40}, {new_limit=24})
[6812:28116:0602/224331.935:VERBOSE1:media_stream_manager.cc(1533)] MSPL::OnSpeedLimitChange({this=000062C40012ED40}, {new_limit=25})
[6812:28116:0602/224332.940:VERBOSE1:media_stream_manager.cc(1533)] MSPL::OnSpeedLimitChange({this=000062C40012ED40}, {new_limit=26})
[6812:28116:0602/224335.929:VERBOSE1:media_stream_manager.cc(1533)] MSPL::OnSpeedLimitChange({this=000062C40012ED40}, {new_limit=27})
[6812:28116:0602/224340.935:VERBOSE1:media_stream_manager.cc(1533)] MSPL::OnSpeedLimitChange({this=000062C40012ED40}, {new_limit=26})
[6812:28116:0602/224348.953:VERBOSE1:media_stream_manager.cc(1533)] MSPL::OnSpeedLimitChange({this=000062C40012ED40}, {new_limit=27})
[9028:13340:0602/224348.953:VERBOSE1:network_delegate.cc(36)] NetworkDelegate::NotifyBeforeURLRequest: https://optimizationguide-pa.googleapis.com/v1:GetModels?key=dummytoken
[9028:13340:0602/224348.975:VERBOSE1:tls_handshaker.cc(105)] TlsClient: Continuing handshake
[9028:13340:0602/224348.979:VERBOSE1:tls_handshaker.cc(126)] TlsClient: SSL_do_handshake returned when entering early data. After retry, rv=-1, SSL_in_early_data=1
[9028:13340:0602/224349.016:VERBOSE1:tls_handshaker.cc(105)] TlsClient: Continuing handshake
[9028:13340:0602/224349.016:VERBOSE1:tls_handshaker.cc(105)] TlsClient: Continuing handshake
[9028:13340:0602/224349.016:VERBOSE1:tls_client_handshaker.cc(528)] Client: handshake finished
[6812:28116:0602/224415.941:VERBOSE1:media_stream_manager.cc(1533)] MSPL::OnSpeedLimitChange({this=000062C40012ED40}, {new_limit=26})
[6812:31584:0602/224419.155:VERBOSE1:device_event_log_impl.cc(198)] [22:44:19.155] Display: EVENT: screen_win.cc:893 Displays updated, count: 1
[6812:31584:0602/224419.156:VERBOSE1:device_event_log_impl.cc(198)] [22:44:19.155] Display: EVENT: screen_win.cc:895 Display[974124475] bounds=[0,0 1536x864], workarea=[0,0 1536x816], scale=1.25, rotation=0, panel_rotation=0 external detected
[6812:28116:0602/224421.011:VERBOSE1:media_stream_manager.cc(1533)] MSPL::OnSpeedLimitChange({this=000062C40012ED40}, {new_limit=25})
[6812:28116:0602/224422.009:VERBOSE1:media_stream_manager.cc(1533)] MSPL::OnSpeedLimitChange({this=000062C40012ED40}, {new_limit=24})
[6812:28116:0602/224423.030:VERBOSE1:media_stream_manager.cc(1533)] MSPL::OnSpeedLimitChange({this=000062C40012ED40}, {new_limit=23})
[6812:28116:0602/224423.960:VERBOSE1:media_stream_manager.cc(1533)] MSPL::OnSpeedLimitChange({this=000062C40012ED40}, {new_limit=22})
[6812:28116:0602/224426.981:VERBOSE1:media_stream_manager.cc(1533)] MSPL::OnSpeedLimitChange({this=000062C40012ED40}, {new_limit=21})
[6812:28116:0602/224427.990:VERBOSE1:media_stream_manager.cc(1533)] MSPL::OnSpeedLimitChange({this=000062C40012ED40}, {new_limit=20})
[6812:28116:0602/224435.014:VERBOSE1:media_stream_manager.cc(1533)] MSPL::OnSpeedLimitChange({this=000062C40012ED40}, {new_limit=19})
[6812:28116:0602/224439.209:VERBOSE1:media_stream_manager.cc(1533)] MSPL::OnSpeedLimitChange({this=000062C40012ED40}, {new_limit=20})
[6812:28116:0602/224440.211:VERBOSE1:media_stream_manager.cc(1533)] MSPL::OnSpeedLimitChange({this=000062C40012ED40}, {new_limit=21})
[6812:31584:0602/224441.836:VERBOSE1:device_event_log_impl.cc(198)] [22:44:41.835] Display: EVENT: screen_win.cc:893 Displays updated, count: 1
[6812:31584:0602/224441.836:VERBOSE1:device_event_log_impl.cc(198)] [22:44:41.835] Display: EVENT: screen_win.cc:895 Display[974124475] bounds=[0,0 1536x864], workarea=[0,0 1536x816], scale=1.25, rotation=0, panel_rotation=0 external detected
[6812:28116:0602/224444.034:VERBOSE1:media_stream_manager.cc(1533)] MSPL::OnSpeedLimitChange({this=000062C40012ED40}, {new_limit=22})
[6812:28116:0602/224445.034:VERBOSE1:media_stream_manager.cc(1533)] MSPL::OnSpeedLimitChange({this=000062C40012ED40}, {new_limit=23})
[6812:31584:0602/224445.582:VERBOSE1:device_event_log_impl.cc(198)] [22:44:45.582] Display: EVENT: screen_win.cc:893 Displays updated, count: 1
[6812:31584:0602/224445.582:VERBOSE1:device_event_log_impl.cc(198)] [22:44:45.582] Display: EVENT: screen_win.cc:895 Display[974124475] bounds=[0,0 1536x864], workarea=[0,0 1536x816], scale=1.25, rotation=0, panel_rotation=0 external detected
[6812:28116:0602/224447.033:VERBOSE1:media_stream_manager.cc(1533)] MSPL::OnSpeedLimitChange({this=000062C40012ED40}, {new_limit=24})
[6812:28116:0602/224448.042:VERBOSE1:media_stream_manager.cc(1533)] MSPL::OnSpeedLimitChange({this=000062C40012ED40}, {new_limit=23})
[6812:28116:0602/224449.046:VERBOSE1:media_stream_manager.cc(1533)] MSPL::OnSpeedLimitChange({this=000062C40012ED40}, {new_limit=22})
[6812:28116:0602/224449.990:VERBOSE1:media_stream_manager.cc(1533)] MSPL::OnSpeedLimitChange({this=000062C40012ED40}, {new_limit=21})
[6812:28116:0602/224451.019:VERBOSE1:media_stream_manager.cc(1533)] MSPL::OnSpeedLimitChange({this=000062C40012ED40}, {new_limit=20})
[6812:28116:0602/224453.031:VERBOSE1:media_stream_manager.cc(1533)] MSPL::OnSpeedLimitChange({this=000062C40012ED40}, {new_limit=21})
[6812:28116:0602/224454.039:VERBOSE1:media_stream_manager.cc(1533)] MSPL::OnSpeedLimitChange({this=000062C40012ED40}, {new_limit=20})
[6812:28116:0602/224459.024:VERBOSE1:media_stream_manager.cc(1533)] MSPL::OnSpeedLimitChange({this=000062C40012ED40}, {new_limit=21})
[6812:28116:0602/224504.053:VERBOSE1:media_stream_manager.cc(1533)] MSPL::OnSpeedLimitChange({this=000062C40012ED40}, {new_limit=20})
[6812:28116:0602/224507.030:VERBOSE1:media_stream_manager.cc(1533)] MSPL::OnSpeedLimitChange({this=000062C40012ED40}, {new_limit=19})
[6812:28116:0602/224508.057:VERBOSE1:media_stream_manager.cc(1533)] MSPL::OnSpeedLimitChange({this=000062C40012ED40}, {new_limit=20})
[6812:28116:0602/224509.059:VERBOSE1:media_stream_manager.cc(1533)] MSPL::OnSpeedLimitChange({this=000062C40012ED40}, {new_limit=18})
[6812:28116:0602/224511.103:VERBOSE1:media_stream_manager.cc(1533)] MSPL::OnSpeedLimitChange({this=000062C40012ED40}, {new_limit=19})
[6812:28116:0602/224513.129:VERBOSE1:media_stream_manager.cc(1533)] MSPL::OnSpeedLimitChange({this=000062C40012ED40}, {new_limit=20})
[6812:31584:0602/224513.668:VERBOSE1:device_event_log_impl.cc(198)] [22:45:13.667] Display: EVENT: screen_win.cc:893 Displays updated, count: 1
[6812:31584:0602/224513.668:VERBOSE1:device_event_log_impl.cc(198)] [22:45:13.668] Display: EVENT: screen_win.cc:895 Display[974124475] bounds=[0,0 1536x864], workarea=[0,0 1536x816], scale=1.25, rotation=0, panel_rotation=0 external detected
[6812:28116:0602/224514.110:VERBOSE1:media_stream_manager.cc(1533)] MSPL::OnSpeedLimitChange({this=000062C40012ED40}, {new_limit=21})
[6812:28116:0602/224515.104:VERBOSE1:media_stream_manager.cc(1533)] MSPL::OnSpeedLimitChange({this=000062C40012ED40}, {new_limit=22})
[6812:28116:0602/224517.106:VERBOSE1:media_stream_manager.cc(1533)] MSPL::OnSpeedLimitChange({this=000062C40012ED40}, {new_limit=23})
[6812:28116:0602/224518.102:VERBOSE1:media_stream_manager.cc(1533)] MSPL::OnSpeedLimitChange({this=000062C40012ED40}, {new_limit=24})
[6812:28116:0602/224519.104:VERBOSE1:media_stream_manager.cc(1533)] MSPL::OnSpeedLimitChange({this=000062C40012ED40}, {new_limit=25})
[6812:28116:0602/224521.102:VERBOSE1:media_stream_manager.cc(1533)] MSPL::OnSpeedLimitChange({this=000062C40012ED40}, {new_limit=26})
[6812:28116:0602/224533.109:VERBOSE1:media_stream_manager.cc(1533)] MSPL::OnSpeedLimitChange({this=000062C40012ED40}, {new_limit=25})
[6812:28116:0602/224535.109:VERBOSE1:media_stream_manager.cc(1533)] MSPL::OnSpeedLimitChange({this=000062C40012ED40}, {new_limit=26})
[6812:28116:0602/224537.114:VERBOSE1:media_stream_manager.cc(1533)] MSPL::OnSpeedLimitChange({this=000062C40012ED40}, {new_limit=25})
[6812:28116:0602/224538.125:VERBOSE1:media_stream_manager.cc(1533)] MSPL::OnSpeedLimitChange({this=000062C40012ED40}, {new_limit=24})
[6812:28116:0602/224548.113:VERBOSE1:media_stream_manager.cc(1533)] MSPL::OnSpeedLimitChange({this=000062C40012ED40}, {new_limit=25})
[6812:28116:0602/224553.115:VERBOSE1:media_stream_manager.cc(1533)] MSPL::OnSpeedLimitChange({this=000062C40012ED40}, {new_limit=26})
[6812:31584:0602/224553.355:VERBOSE1:device_event_log_impl.cc(198)] [22:45:53.355] Display: EVENT: screen_win.cc:893 Displays updated, count: 1
[6812:31584:0602/224553.355:VERBOSE1:device_event_log_impl.cc(198)] [22:45:53.355] Display: EVENT: screen_win.cc:895 Display[974124475] bounds=[0,0 1536x864], workarea=[0,0 1536x816], scale=1.25, rotation=0, panel_rotation=0 external detected
[6812:28116:0602/224554.076:VERBOSE1:media_stream_manager.cc(1533)] MSPL::OnSpeedLimitChange({this=000062C40012ED40}, {new_limit=25})
[6812:31584:0602/224558.019:VERBOSE1:device_event_log_impl.cc(198)] [22:45:58.019] Display: EVENT: screen_win.cc:893 Displays updated, count: 1
[6812:31584:0602/224558.019:VERBOSE1:device_event_log_impl.cc(198)] [22:45:58.019] Display: EVENT: screen_win.cc:895 Display[974124475] bounds=[0,0 1536x864], workarea=[0,0 1536x816], scale=1.25, rotation=0, panel_rotation=0 external detected
[6812:28116:0602/224558.308:VERBOSE1:media_stream_manager.cc(1533)] MSPL::OnSpeedLimitChange({this=000062C40012ED40}, {new_limit=24})
[6812:28116:0602/224559.110:VERBOSE1:media_stream_manager.cc(1533)] MSPL::OnSpeedLimitChange({this=000062C40012ED40}, {new_limit=23})
[6812:28116:0602/224601.117:VERBOSE1:media_stream_manager.cc(1533)] MSPL::OnSpeedLimitChange({this=000062C40012ED40}, {new_limit=22})
[6812:28116:0602/224604.112:VERBOSE1:media_stream_manager.cc(1533)] MSPL::OnSpeedLimitChange({this=000062C40012ED40}, {new_limit=23})
[6812:28116:0602/224608.114:VERBOSE1:media_stream_manager.cc(1533)] MSPL::OnSpeedLimitChange({this=000062C40012ED40}, {new_limit=24})
[6812:31584:0602/224608.362:VERBOSE1:device_event_log_impl.cc(198)] [22:46:08.362] Display: EVENT: screen_win.cc:893 Displays updated, count: 1
[6812:31584:0602/224608.362:VERBOSE1:device_event_log_impl.cc(198)] [22:46:08.362] Display: EVENT: screen_win.cc:895 Display[974124475] bounds=[0,0 1536x864], workarea=[0,0 1536x816], scale=1.25, rotation=0, panel_rotation=0 external detected
[6812:28116:0602/224612.108:VERBOSE1:media_stream_manager.cc(1533)] MSPL::OnSpeedLimitChange({this=000062C40012ED40}, {new_limit=23})
[6812:28116:0602/224614.085:VERBOSE1:media_stream_manager.cc(1533)] MSPL::OnSpeedLimitChange({this=000062C40012ED40}, {new_limit=22})
[6812:28116:0602/224615.078:VERBOSE1:media_stream_manager.cc(1533)] MSPL::OnSpeedLimitChange({this=000062C40012ED40}, {new_limit=21})
[6812:28116:0602/224616.080:VERBOSE1:media_stream_manager.cc(1533)] MSPL::OnSpeedLimitChange({this=000062C40012ED40}, {new_limit=20})
[6812:28116:0602/224618.109:VERBOSE1:media_stream_manager.cc(1533)] MSPL::OnSpeedLimitChange({this=000062C40012ED40}, {new_limit=19})
[6812:28116:0602/224621.095:VERBOSE1:media_stream_manager.cc(1533)] MSPL::OnSpeedLimitChange({this=000062C40012ED40}, {new_limit=20})
[6812:28116:0602/224623.088:VERBOSE1:media_stream_manager.cc(1533)] MSPL::OnSpeedLimitChange({this=000062C40012ED40}, {new_limit=21})
[6812:28116:0602/224624.082:VERBOSE1:media_stream_manager.cc(1533)] MSPL::OnSpeedLimitChange({this=000062C40012ED40}, {new_limit=22})
[6812:28116:0602/224626.080:VERBOSE1:media_stream_manager.cc(1533)] MSPL::OnSpeedLimitChange({this=000062C40012ED40}, {new_limit=23})
[6812:28116:0602/224627.090:VERBOSE1:media_stream_manager.cc(1533)] MSPL::OnSpeedLimitChange({this=000062C40012ED40}, {new_limit=24})
[6812:31584:0602/224627.415:VERBOSE1:device_event_log_impl.cc(198)] [22:46:27.415] Display: EVENT: screen_win.cc:893 Displays updated, count: 1
[6812:31584:0602/224627.415:VERBOSE1:device_event_log_impl.cc(198)] [22:46:27.416] Display: EVENT: screen_win.cc:895 Display[974124475] bounds=[0,0 1536x864], workarea=[0,0 1536x816], scale=1.25, rotation=0, panel_rotation=0 external detected
[6812:28116:0602/224629.100:VERBOSE1:media_stream_manager.cc(1533)] MSPL::OnSpeedLimitChange({this=000062C40012ED40}, {new_limit=25})
[6812:28116:0602/224631.091:VERBOSE1:media_stream_manager.cc(1533)] MSPL::OnSpeedLimitChange({this=000062C40012ED40}, {new_limit=24})
[6812:28116:0602/224633.145:VERBOSE1:media_stream_manager.cc(1533)] MSPL::OnSpeedLimitChange({this=000062C40012ED40}, {new_limit=23})
[6812:28116:0602/224635.101:VERBOSE1:media_stream_manager.cc(1533)] MSPL::OnSpeedLimitChange({this=000062C40012ED40}, {new_limit=22})
[6812:28116:0602/224637.200:VERBOSE1:media_stream_manager.cc(1533)] MSPL::OnSpeedLimitChange({this=000062C40012ED40}, {new_limit=21})
[9028:13340:0602/224638.914:VERBOSE1:network_delegate.cc(36)] NetworkDelegate::NotifyBeforeURLRequest: https://optimizationguide-pa.googleapis.com/v1:GetModels?key=dummytoken
[9028:13340:0602/224638.937:VERBOSE1:tls_handshaker.cc(105)] TlsClient: Continuing handshake
[9028:13340:0602/224638.938:VERBOSE1:tls_handshaker.cc(126)] TlsClient: SSL_do_handshake returned when entering early data. After retry, rv=-1, SSL_in_early_data=1
[9028:13340:0602/224638.981:VERBOSE1:tls_handshaker.cc(105)] TlsClient: Continuing handshake
[9028:13340:0602/224638.981:VERBOSE1:tls_handshaker.cc(105)] TlsClient: Continuing handshake
[9028:13340:0602/224638.981:VERBOSE1:tls_client_handshaker.cc(528)] Client: handshake finished
[6812:28116:0602/224639.087:VERBOSE1:media_stream_manager.cc(1533)] MSPL::OnSpeedLimitChange({this=000062C40012ED40}, {new_limit=20})
[6812:28116:0602/224645.168:VERBOSE1:media_stream_manager.cc(1533)] MSPL::OnSpeedLimitChange({this=000062C40012ED40}, {new_limit=19})
[6812:28116:0602/224647.117:VERBOSE1:media_stream_manager.cc(1533)] MSPL::OnSpeedLimitChange({this=000062C40012ED40}, {new_limit=20})
[6812:28116:0602/224653.173:VERBOSE1:media_stream_manager.cc(1533)] MSPL::OnSpeedLimitChange({this=000062C40012ED40}, {new_limit=21})
[6812:28116:0602/224654.122:VERBOSE1:media_stream_manager.cc(1533)] MSPL::OnSpeedLimitChange({this=000062C40012ED40}, {new_limit=20})
[6812:28116:0602/224655.160:VERBOSE1:media_stream_manager.cc(1533)] MSPL::OnSpeedLimitChange({this=000062C40012ED40}, {new_limit=21})
[6812:28116:0602/224657.145:VERBOSE1:media_stream_manager.cc(1533)] MSPL::OnSpeedLimitChange({this=000062C40012ED40}, {new_limit=20})
[6812:28116:0602/224700.132:VERBOSE1:media_stream_manager.cc(1533)] MSPL::OnSpeedLimitChange({this=000062C40012ED40}, {new_limit=19})
[6812:28116:0602/224702.211:VERBOSE1:media_stream_manager.cc(1533)] MSPL::OnSpeedLimitChange({this=000062C40012ED40}, {new_limit=20})
[6812:28116:0602/224703.167:VERBOSE1:media_stream_manager.cc(1533)] MSPL::OnSpeedLimitChange({this=000062C40012ED40}, {new_limit=19})
[6812:28116:0602/224708.405:VERBOSE1:media_stream_manager.cc(1533)] MSPL::OnSpeedLimitChange({this=000062C40012ED40}, {new_limit=20})
[6812:28116:0602/224710.392:VERBOSE1:media_stream_manager.cc(1533)] MSPL::OnSpeedLimitChange({this=000062C40012ED40}, {new_limit=21})
[6812:28116:0602/224711.398:VERBOSE1:media_stream_manager.cc(1533)] MSPL::OnSpeedLimitChange({this=000062C40012ED40}, {new_limit=22})
[6812:28116:0602/224713.395:VERBOSE1:media_stream_manager.cc(1533)] MSPL::OnSpeedLimitChange({this=000062C40012ED40}, {new_limit=23})
[6812:28116:0602/224714.395:VERBOSE1:media_stream_manager.cc(1533)] MSPL::OnSpeedLimitChange({this=000062C40012ED40}, {new_limit=24})
[6812:31584:0602/224714.857:VERBOSE1:device_event_log_impl.cc(198)] [22:47:14.857] Display: EVENT: screen_win.cc:893 Displays updated, count: 1
[6812:31584:0602/224714.857:VERBOSE1:device_event_log_impl.cc(198)] [22:47:14.857] Display: EVENT: screen_win.cc:895 Display[974124475] bounds=[0,0 1536x864], workarea=[0,0 1536x816], scale=1.25, rotation=0, panel_rotation=0 external detected
[6812:28116:0602/224715.300:VERBOSE1:media_stream_manager.cc(1533)] MSPL::OnSpeedLimitChange({this=000062C40012ED40}, {new_limit=25})
[6812:28116:0602/224717.180:VERBOSE1:media_stream_manager.cc(1533)] MSPL::OnSpeedLimitChange({this=000062C40012ED40}, {new_limit=24})
[6812:28116:0602/224718.241:VERBOSE1:media_stream_manager.cc(1533)] MSPL::OnSpeedLimitChange({this=000062C40012ED40}, {new_limit=25})
[6812:28116:0602/224719.161:VERBOSE1:media_stream_manager.cc(1533)] MSPL::OnSpeedLimitChange({this=000062C40012ED40}, {new_limit=24})
[6812:28116:0602/224721.199:VERBOSE1:media_stream_manager.cc(1533)] MSPL::OnSpeedLimitChange({this=000062C40012ED40}, {new_limit=23})
[6812:28116:0602/224723.169:VERBOSE1:media_stream_manager.cc(1533)] MSPL::OnSpeedLimitChange({this=000062C40012ED40}, {new_limit=22})
[6812:28116:0602/224725.215:VERBOSE1:media_stream_manager.cc(1533)] MSPL::OnSpeedLimitChange({this=000062C40012ED40}, {new_limit=21})
[6812:28116:0602/224727.174:VERBOSE1:media_stream_manager.cc(1533)] MSPL::OnSpeedLimitChange({this=000062C40012ED40}, {new_limit=22})
[6812:28116:0602/224728.185:VERBOSE1:media_stream_manager.cc(1533)] MSPL::OnSpeedLimitChange({this=000062C40012ED40}, {new_limit=21})
[6812:28116:0602/224731.170:VERBOSE1:media_stream_manager.cc(1533)] MSPL::OnSpeedLimitChange({this=000062C40012ED40}, {new_limit=22})
[6812:28116:0602/224732.209:VERBOSE1:media_stream_manager.cc(1533)] MSPL::OnSpeedLimitChange({this=000062C40012ED40}, {new_limit=21})
[6812:28116:0602/224733.339:VERBOSE1:media_stream_manager.cc(1533)] MSPL::OnSpeedLimitChange({this=000062C40012ED40}, {new_limit=22})
[6812:28116:0602/224735.339:VERBOSE1:media_stream_manager.cc(1533)] MSPL::OnSpeedLimitChange({this=000062C40012ED40}, {new_limit=23})
[6812:28116:0602/224737.341:VERBOSE1:media_stream_manager.cc(1533)] MSPL::OnSpeedLimitChange({this=000062C40012ED40}, {new_limit=24})
[6812:28116:0602/224739.337:VERBOSE1:media_stream_manager.cc(1533)] MSPL::OnSpeedLimitChange({this=000062C40012ED40}, {new_limit=25})
[6812:28116:0602/224741.342:VERBOSE1:media_stream_manager.cc(1533)] MSPL::OnSpeedLimitChange({this=000062C40012ED40}, {new_limit=26})
[6812:31584:0602/224741.703:VERBOSE1:device_event_log_impl.cc(198)] [22:47:41.703] Display: EVENT: screen_win.cc:893 Displays updated, count: 1
[6812:31584:0602/224741.703:VERBOSE1:device_event_log_impl.cc(198)] [22:47:41.704] Display: EVENT: screen_win.cc:895 Display[974124475] bounds=[0,0 1536x864], workarea=[0,0 1536x816], scale=1.25, rotation=0, panel_rotation=0 external detected
[6812:28116:0602/224744.369:VERBOSE1:media_stream_manager.cc(1533)] MSPL::OnSpeedLimitChange({this=000062C40012ED40}, {new_limit=24})
[6812:31584:0602/224744.870:VERBOSE1:device_event_log_impl.cc(198)] [22:47:44.870] Display: EVENT: screen_win.cc:893 Displays updated, count: 1
[6812:31584:0602/224744.870:VERBOSE1:device_event_log_impl.cc(198)] [22:47:44.870] Display: EVENT: screen_win.cc:895 Display[974124475] bounds=[0,0 1536x864], workarea=[0,0 1536x816], scale=1.25, rotation=0, panel_rotation=0 external detected
[6812:28116:0602/224747.255:VERBOSE1:media_stream_manager.cc(1533)] MSPL::OnSpeedLimitChange({this=000062C40012ED40}, {new_limit=23})
[6812:28116:0602/224753.288:VERBOSE1:media_stream_manager.cc(1533)] MSPL::OnSpeedLimitChange({this=000062C40012ED40}, {new_limit=24})
[6812:28116:0602/224754.280:VERBOSE1:media_stream_manager.cc(1533)] MSPL::OnSpeedLimitChange({this=000062C40012ED40}, {new_limit=25})
[6812:28116:0602/224757.283:VERBOSE1:media_stream_manager.cc(1533)] MSPL::OnSpeedLimitChange({this=000062C40012ED40}, {new_limit=26})
[6812:28116:0602/224806.277:VERBOSE1:media_stream_manager.cc(1533)] MSPL::OnSpeedLimitChange({this=000062C40012ED40}, {new_limit=27})
[6812:28116:0602/224831.293:VERBOSE1:media_stream_manager.cc(1533)] MSPL::OnSpeedLimitChange({this=000062C40012ED40}, {new_limit=26})
[6812:28116:0602/224841.286:VERBOSE1:media_stream_manager.cc(1533)] MSPL::OnSpeedLimitChange({this=000062C40012ED40}, {new_limit=27})
[6812:28116:0602/224910.302:VERBOSE1:media_stream_manager.cc(1533)] MSPL::OnSpeedLimitChange({this=000062C40012ED40}, {new_limit=26})
[6812:28116:0602/224914.293:VERBOSE1:media_stream_manager.cc(1533)] MSPL::OnSpeedLimitChange({this=000062C40012ED40}, {new_limit=27})
[6812:28116:0602/224917.300:VERBOSE1:media_stream_manager.cc(1533)] MSPL::OnSpeedLimitChange({this=000062C40012ED40}, {new_limit=26})
[6812:28116:0602/224918.304:VERBOSE1:media_stream_manager.cc(1533)] MSPL::OnSpeedLimitChange({this=000062C40012ED40}, {new_limit=27})
[6812:31584:0602/224919.940:VERBOSE1:device_event_log_impl.cc(198)] [22:49:19.940] Display: EVENT: screen_win.cc:893 Displays updated, count: 1
[6812:31584:0602/224919.940:VERBOSE1:device_event_log_impl.cc(198)] [22:49:19.940] Display: EVENT: screen_win.cc:895 Display[974124475] bounds=[0,0 1536x864], workarea=[0,0 1536x816], scale=1.25, rotation=0, panel_rotation=0 external detected
[6812:28116:0602/224921.328:VERBOSE1:media_stream_manager.cc(1533)] MSPL::OnSpeedLimitChange({this=000062C40012ED40}, {new_limit=26})
[6812:28116:0602/224922.314:VERBOSE1:media_stream_manager.cc(1533)] MSPL::OnSpeedLimitChange({this=000062C40012ED40}, {new_limit=25})
[9028:13340:0602/224922.337:VERBOSE1:network_delegate.cc(36)] NetworkDelegate::NotifyBeforeURLRequest: https://optimizationguide-pa.googleapis.com/v1:GetModels?key=dummytoken
[9028:13340:0602/224922.350:VERBOSE1:tls_handshaker.cc(105)] TlsClient: Continuing handshake
[9028:13340:0602/224922.352:VERBOSE1:tls_handshaker.cc(126)] TlsClient: SSL_do_handshake returned when entering early data. After retry, rv=-1, SSL_in_early_data=1
[9028:13340:0602/224922.408:VERBOSE1:tls_handshaker.cc(105)] TlsClient: Continuing handshake
[9028:13340:0602/224922.408:VERBOSE1:tls_handshaker.cc(105)] TlsClient: Continuing handshake
[9028:13340:0602/224922.408:VERBOSE1:tls_client_handshaker.cc(528)] Client: handshake finished
[6812:28116:0602/224924.463:VERBOSE1:media_stream_manager.cc(1533)] MSPL::OnSpeedLimitChange({this=000062C40012ED40}, {new_limit=24})
[6812:31584:0602/224924.603:VERBOSE1:device_event_log_impl.cc(198)] [22:49:24.603] Display: EVENT: screen_win.cc:893 Displays updated, count: 1
[6812:31584:0602/224924.603:VERBOSE1:device_event_log_impl.cc(198)] [22:49:24.603] Display: EVENT: screen_win.cc:895 Display[974124475] bounds=[0,0 1536x864], workarea=[0,0 1536x816], scale=1.25, rotation=0, panel_rotation=0 external detected
[6812:28116:0602/224927.277:VERBOSE1:media_stream_manager.cc(1533)] MSPL::OnSpeedLimitChange({this=000062C40012ED40}, {new_limit=23})
[6812:28116:0602/224928.373:VERBOSE1:media_stream_manager.cc(1533)] MSPL::OnSpeedLimitChange({this=000062C40012ED40}, {new_limit=22})
[6812:28116:0602/224931.377:VERBOSE1:media_stream_manager.cc(1533)] MSPL::OnSpeedLimitChange({this=000062C40012ED40}, {new_limit=23})
[6812:28116:0602/224932.373:VERBOSE1:media_stream_manager.cc(1533)] MSPL::OnSpeedLimitChange({this=000062C40012ED40}, {new_limit=24})
[6812:28116:0602/224934.371:VERBOSE1:media_stream_manager.cc(1533)] MSPL::OnSpeedLimitChange({this=000062C40012ED40}, {new_limit=25})
[6812:31584:0602/224935.000:VERBOSE1:device_event_log_impl.cc(198)] [22:49:34.998] Display: EVENT: screen_win.cc:893 Displays updated, count: 1
[6812:31584:0602/224935.001:VERBOSE1:device_event_log_impl.cc(198)] [22:49:35.000] Display: EVENT: screen_win.cc:895 Display[974124475] bounds=[0,0 1536x864], workarea=[0,0 1536x816], scale=1.25, rotation=0, panel_rotation=0 external detected
[6812:28116:0602/224936.275:VERBOSE1:media_stream_manager.cc(1533)] MSPL::OnSpeedLimitChange({this=000062C40012ED40}, {new_limit=24})
[6812:28116:0602/224939.295:VERBOSE1:media_stream_manager.cc(1533)] MSPL::OnSpeedLimitChange({this=000062C40012ED40}, {new_limit=23})
[6812:28116:0602/224940.301:VERBOSE1:media_stream_manager.cc(1533)] MSPL::OnSpeedLimitChange({this=000062C40012ED40}, {new_limit=22})
[6812:28116:0602/224941.323:VERBOSE1:media_stream_manager.cc(1533)] MSPL::OnSpeedLimitChange({this=000062C40012ED40}, {new_limit=21})
[6812:28116:0602/224942.343:VERBOSE1:media_stream_manager.cc(1533)] MSPL::OnSpeedLimitChange({this=000062C40012ED40}, {new_limit=20})
[6812:28116:0602/224946.372:VERBOSE1:media_stream_manager.cc(1533)] MSPL::OnSpeedLimitChange({this=000062C40012ED40}, {new_limit=21})
[6812:28116:0602/224947.372:VERBOSE1:media_stream_manager.cc(1533)] MSPL::OnSpeedLimitChange({this=000062C40012ED40}, {new_limit=22})
[6812:28116:0602/224948.369:VERBOSE1:media_stream_manager.cc(1533)] MSPL::OnSpeedLimitChange({this=000062C40012ED40}, {new_limit=23})
[6812:28116:0602/224949.368:VERBOSE1:media_stream_manager.cc(1533)] MSPL::OnSpeedLimitChange({this=000062C40012ED40}, {new_limit=24})
[6812:28116:0602/224950.378:VERBOSE1:media_stream_manager.cc(1533)] MSPL::OnSpeedLimitChange({this=000062C40012ED40}, {new_limit=25})
[6812:28116:0602/224952.375:VERBOSE1:media_stream_manager.cc(1533)] MSPL::OnSpeedLimitChange({this=000062C40012ED40}, {new_limit=26})
[6812:28116:0602/224953.373:VERBOSE1:media_stream_manager.cc(1533)] MSPL::OnSpeedLimitChange({this=000062C40012ED40}, {new_limit=27})
[6812:28116:0602/224958.372:VERBOSE1:media_stream_manager.cc(1533)] MSPL::OnSpeedLimitChange({this=000062C40012ED40}, {new_limit=26})
[6812:31584:0602/225003.184:VERBOSE1:device_event_log_impl.cc(198)] [22:50:03.184] Display: EVENT: screen_win.cc:893 Displays updated, count: 1
[6812:31584:0602/225003.184:VERBOSE1:device_event_log_impl.cc(198)] [22:50:03.184] Display: EVENT: screen_win.cc:895 Display[974124475] bounds=[0,0 1536x864], workarea=[0,0 1536x816], scale=1.25, rotation=0, panel_rotation=0 external detected
[6812:28116:0602/225003.383:VERBOSE1:media_stream_manager.cc(1533)] MSPL::OnSpeedLimitChange({this=000062C40012ED40}, {new_limit=25})
[6812:28116:0602/225005.443:VERBOSE1:media_stream_manager.cc(1533)] MSPL::OnSpeedLimitChange({this=000062C40012ED40}, {new_limit=24})
[6812:31584:0602/225007.083:VERBOSE1:device_event_log_impl.cc(198)] [22:50:07.083] Display: EVENT: screen_win.cc:893 Displays updated, count: 1
[6812:31584:0602/225007.083:VERBOSE1:device_event_log_impl.cc(198)] [22:50:07.083] Display: EVENT: screen_win.cc:895 Display[974124475] bounds=[0,0 1536x864], workarea=[0,0 1536x816], scale=1.25, rotation=0, panel_rotation=0 external detected
[6812:28116:0602/225007.496:VERBOSE1:media_stream_manager.cc(1533)] MSPL::OnSpeedLimitChange({this=000062C40012ED40}, {new_limit=23})
[6812:31584:0602/225009.577:VERBOSE1:device_event_log_impl.cc(198)] [22:50:09.577] Display: EVENT: screen_win.cc:893 Displays updated, count: 1
[6812:31584:0602/225009.577:VERBOSE1:device_event_log_impl.cc(198)] [22:50:09.578] Display: EVENT: screen_win.cc:895 Display[974124475] bounds=[0,0 1536x864], workarea=[0,0 1536x816], scale=1.25, rotation=0, panel_rotation=0 external detected
[6812:28116:0602/225010.352:VERBOSE1:media_stream_manager.cc(1533)] MSPL::OnSpeedLimitChange({this=000062C40012ED40}, {new_limit=22})
[6812:31584:0602/225012.057:VERBOSE1:device_event_log_impl.cc(198)] [22:50:12.057] Display: EVENT: screen_win.cc:893 Displays updated, count: 1
[6812:31584:0602/225012.057:VERBOSE1:device_event_log_impl.cc(198)] [22:50:12.057] Display: EVENT: screen_win.cc:895 Display[974124475] bounds=[0,0 1536x864], workarea=[0,0 1536x816], scale=1.25, rotation=0, panel_rotation=0 external detected
[6812:28116:0602/225015.390:VERBOSE1:media_stream_manager.cc(1533)] MSPL::OnSpeedLimitChange({this=000062C40012ED40}, {new_limit=21})
[6812:28116:0602/225020.403:VERBOSE1:media_stream_manager.cc(1533)] MSPL::OnSpeedLimitChange({this=000062C40012ED40}, {new_limit=22})
[6812:28116:0602/225022.412:VERBOSE1:media_stream_manager.cc(1533)] MSPL::OnSpeedLimitChange({this=000062C40012ED40}, {new_limit=23})
[6812:28116:0602/225023.406:VERBOSE1:media_stream_manager.cc(1533)] MSPL::OnSpeedLimitChange({this=000062C40012ED40}, {new_limit=24})
[6812:28116:0602/225024.418:VERBOSE1:media_stream_manager.cc(1533)] MSPL::OnSpeedLimitChange({this=000062C40012ED40}, {new_limit=25})
[6812:28116:0602/225025.413:VERBOSE1:media_stream_manager.cc(1533)] MSPL::OnSpeedLimitChange({this=000062C40012ED40}, {new_limit=26})
[6812:28116:0602/225029.402:VERBOSE1:media_stream_manager.cc(1533)] MSPL::OnSpeedLimitChange({this=000062C40012ED40}, {new_limit=27})
[6812:31584:0602/225031.465:VERBOSE1:device_event_log_impl.cc(198)] [22:50:31.464] Display: EVENT: screen_win.cc:893 Displays updated, count: 1
[6812:31584:0602/225031.465:VERBOSE1:device_event_log_impl.cc(198)] [22:50:31.464] Display: EVENT: screen_win.cc:895 Display[974124475] bounds=[0,0 1536x864], workarea=[0,0 1536x816], scale=1.25, rotation=0, panel_rotation=0 external detected
[6812:28116:0602/225032.406:VERBOSE1:media_stream_manager.cc(1533)] MSPL::OnSpeedLimitChange({this=000062C40012ED40}, {new_limit=26})
[6812:28116:0602/225034.434:VERBOSE1:media_stream_manager.cc(1533)] MSPL::OnSpeedLimitChange({this=000062C40012ED40}, {new_limit=25})
[6812:28116:0602/225036.351:VERBOSE1:media_stream_manager.cc(1533)] MSPL::OnSpeedLimitChange({this=000062C40012ED40}, {new_limit=24})
[6812:28116:0602/225044.418:VERBOSE1:media_stream_manager.cc(1533)] MSPL::OnSpeedLimitChange({this=000062C40012ED40}, {new_limit=25})
[6812:28116:0602/225045.415:VERBOSE1:media_stream_manager.cc(1533)] MSPL::OnSpeedLimitChange({this=000062C40012ED40}, {new_limit=26})
[6812:28116:0602/225047.415:VERBOSE1:media_stream_manager.cc(1533)] MSPL::OnSpeedLimitChange({this=000062C40012ED40}, {new_limit=27})
[6812:31584:0602/225050.110:VERBOSE1:device_event_log_impl.cc(198)] [22:50:50.110] Display: EVENT: screen_win.cc:893 Displays updated, count: 1
[6812:31584:0602/225050.110:VERBOSE1:device_event_log_impl.cc(198)] [22:50:50.110] Display: EVENT: screen_win.cc:895 Display[974124475] bounds=[0,0 1536x864], workarea=[0,0 1536x816], scale=1.25, rotation=0, panel_rotation=0 external detected
[6812:28116:0602/225051.362:VERBOSE1:media_stream_manager.cc(1533)] MSPL::OnSpeedLimitChange({this=000062C40012ED40}, {new_limit=26})
[6812:28116:0602/225052.441:VERBOSE1:media_stream_manager.cc(1533)] MSPL::OnSpeedLimitChange({this=000062C40012ED40}, {new_limit=25})
[6812:28116:0602/225054.375:VERBOSE1:media_stream_manager.cc(1533)] MSPL::OnSpeedLimitChange({this=000062C40012ED40}, {new_limit=24})
[6812:28116:0602/225056.380:VERBOSE1:media_stream_manager.cc(1533)] MSPL::OnSpeedLimitChange({this=000062C40012ED40}, {new_limit=23})
[6812:28116:0602/225057.447:VERBOSE1:media_stream_manager.cc(1533)] MSPL::OnSpeedLimitChange({this=000062C40012ED40}, {new_limit=22})
[6812:28116:0602/225059.417:VERBOSE1:media_stream_manager.cc(1533)] MSPL::OnSpeedLimitChange({this=000062C40012ED40}, {new_limit=20})
[6812:28116:0602/225100.594:VERBOSE1:media_stream_manager.cc(1533)] MSPL::OnSpeedLimitChange({this=000062C40012ED40}, {new_limit=19})
[6812:28116:0602/225102.440:VERBOSE1:media_stream_manager.cc(1533)] MSPL::OnSpeedLimitChange({this=000062C40012ED40}, {new_limit=20})
[6812:28116:0602/225103.453:VERBOSE1:media_stream_manager.cc(1533)] MSPL::OnSpeedLimitChange({this=000062C40012ED40}, {new_limit=19})
[6812:28116:0602/225106.534:VERBOSE1:media_stream_manager.cc(1533)] MSPL::OnSpeedLimitChange({this=000062C40012ED40}, {new_limit=20})
[6812:28116:0602/225110.445:VERBOSE1:media_stream_manager.cc(1533)] MSPL::OnSpeedLimitChange({this=000062C40012ED40}, {new_limit=21})
[6812:28116:0602/225114.485:VERBOSE1:media_stream_manager.cc(1533)] MSPL::OnSpeedLimitChange({this=000062C40012ED40}, {new_limit=20})
[6812:28116:0602/225115.483:VERBOSE1:media_stream_manager.cc(1533)] MSPL::OnSpeedLimitChange({this=000062C40012ED40}, {new_limit=21})
[6812:28116:0602/225116.498:VERBOSE1:media_stream_manager.cc(1533)] MSPL::OnSpeedLimitChange({this=000062C40012ED40}, {new_limit=20})
[6812:28116:0602/225117.448:VERBOSE1:media_stream_manager.cc(1533)] MSPL::OnSpeedLimitChange({this=000062C40012ED40}, {new_limit=21})
[6812:28116:0602/225118.461:VERBOSE1:media_stream_manager.cc(1533)] MSPL::OnSpeedLimitChange({this=000062C40012ED40}, {new_limit=20})
[6812:28116:0602/225121.475:VERBOSE1:media_stream_manager.cc(1533)] MSPL::OnSpeedLimitChange({this=000062C40012ED40}, {new_limit=19})
[6812:28116:0602/225122.502:VERBOSE1:media_stream_manager.cc(1533)] MSPL::OnSpeedLimitChange({this=000062C40012ED40}, {new_limit=20})
[6812:28116:0602/225131.539:VERBOSE1:media_stream_manager.cc(1533)] MSPL::OnSpeedLimitChange({this=000062C40012ED40}, {new_limit=19})
[6812:28116:0602/225132.560:VERBOSE1:media_stream_manager.cc(1533)] MSPL::OnSpeedLimitChange({this=000062C40012ED40}, {new_limit=20})
[6812:28116:0602/225133.476:VERBOSE1:media_stream_manager.cc(1533)] MSPL::OnSpeedLimitChange({this=000062C40012ED40}, {new_limit=19})
[6812:28116:0602/225136.551:VERBOSE1:media_stream_manager.cc(1533)] MSPL::OnSpeedLimitChange({this=000062C40012ED40}, {new_limit=20})
[6812:28116:0602/225144.599:VERBOSE1:media_stream_manager.cc(1533)] MSPL::OnSpeedLimitChange({this=000062C40012ED40}, {new_limit=21})
[6812:28116:0602/225146.546:VERBOSE1:media_stream_manager.cc(1533)] MSPL::OnSpeedLimitChange({this=000062C40012ED40}, {new_limit=20})
[6812:28116:0602/225155.550:VERBOSE1:media_stream_manager.cc(1533)] MSPL::OnSpeedLimitChange({this=000062C40012ED40}, {new_limit=21})
[6812:28116:0602/225158.628:VERBOSE1:media_stream_manager.cc(1533)] MSPL::OnSpeedLimitChange({this=000062C40012ED40}, {new_limit=22})
[6812:28116:0602/225205.589:VERBOSE1:media_stream_manager.cc(1533)] MSPL::OnSpeedLimitChange({this=000062C40012ED40}, {new_limit=21})
[6812:28116:0602/225207.553:VERBOSE1:media_stream_manager.cc(1533)] MSPL::OnSpeedLimitChange({this=000062C40012ED40}, {new_limit=20})
[9028:13340:0602/225211.820:VERBOSE1:network_delegate.cc(36)] NetworkDelegate::NotifyBeforeURLRequest: https://optimizationguide-pa.googleapis.com/v1:GetModels?key=dummytoken
[9028:13340:0602/225211.853:VERBOSE1:tls_handshaker.cc(105)] TlsClient: Continuing handshake
[9028:13340:0602/225211.854:VERBOSE1:tls_handshaker.cc(126)] TlsClient: SSL_do_handshake returned when entering early data. After retry, rv=-1, SSL_in_early_data=1
[9028:13340:0602/225211.896:VERBOSE1:tls_handshaker.cc(105)] TlsClient: Continuing handshake
[9028:13340:0602/225211.896:VERBOSE1:tls_handshaker.cc(105)] TlsClient: Continuing handshake
[9028:13340:0602/225211.896:VERBOSE1:tls_client_handshaker.cc(528)] Client: handshake finished
[6812:28116:0602/225215.605:VERBOSE1:media_stream_manager.cc(1533)] MSPL::OnSpeedLimitChange({this=000062C40012ED40}, {new_limit=21})
[6812:28116:0602/225218.670:VERBOSE1:media_stream_manager.cc(1533)] MSPL::OnSpeedLimitChange({this=000062C40012ED40}, {new_limit=22})
[6812:28116:0602/225225.663:VERBOSE1:media_stream_manager.cc(1533)] MSPL::OnSpeedLimitChange({this=000062C40012ED40}, {new_limit=21})
[6812:28116:0602/225228.656:VERBOSE1:media_stream_manager.cc(1533)] MSPL::OnSpeedLimitChange({this=000062C40012ED40}, {new_limit=20})
[6812:28116:0602/225233.677:VERBOSE1:media_stream_manager.cc(1533)] MSPL::OnSpeedLimitChange({this=000062C40012ED40}, {new_limit=21})
[6812:28116:0602/225240.764:VERBOSE1:media_stream_manager.cc(1533)] MSPL::OnSpeedLimitChange({this=000062C40012ED40}, {new_limit=20})
[6812:28116:0602/225241.703:VERBOSE1:media_stream_manager.cc(1533)] MSPL::OnSpeedLimitChange({this=000062C40012ED40}, {new_limit=21})
[6812:28116:0602/225242.734:VERBOSE1:media_stream_manager.cc(1533)] MSPL::OnSpeedLimitChange({this=000062C40012ED40}, {new_limit=20})
[6812:28116:0602/225250.876:VERBOSE1:media_stream_manager.cc(1533)] MSPL::OnSpeedLimitChange({this=000062C40012ED40}, {new_limit=21})
[6812:28116:0602/225252.877:VERBOSE1:media_stream_manager.cc(1533)] MSPL::OnSpeedLimitChange({this=000062C40012ED40}, {new_limit=22})
[6812:28116:0602/225255.883:VERBOSE1:media_stream_manager.cc(1533)] MSPL::OnSpeedLimitChange({this=000062C40012ED40}, {new_limit=23})
[6812:28116:0602/225256.880:VERBOSE1:media_stream_manager.cc(1533)] MSPL::OnSpeedLimitChange({this=000062C40012ED40}, {new_limit=24})
[6812:28116:0602/225259.881:VERBOSE1:media_stream_manager.cc(1533)] MSPL::OnSpeedLimitChange({this=000062C40012ED40}, {new_limit=25})
[6812:31584:0602/225259.969:VERBOSE1:device_event_log_impl.cc(198)] [22:52:59.968] Display: EVENT: screen_win.cc:893 Displays updated, count: 1
[6812:31584:0602/225259.969:VERBOSE1:device_event_log_impl.cc(198)] [22:52:59.969] Display: EVENT: screen_win.cc:895 Display[974124475] bounds=[0,0 1536x864], workarea=[0,0 1536x816], scale=1.25, rotation=0, panel_rotation=0 external detected
[6812:28116:0602/225301.913:VERBOSE1:media_stream_manager.cc(1533)] MSPL::OnSpeedLimitChange({this=000062C40012ED40}, {new_limit=24})
[6812:28116:0602/225305.912:VERBOSE1:media_stream_manager.cc(1533)] MSPL::OnSpeedLimitChange({this=000062C40012ED40}, {new_limit=25})
[6812:28116:0602/225310.923:VERBOSE1:media_stream_manager.cc(1533)] MSPL::OnSpeedLimitChange({this=000062C40012ED40}, {new_limit=26})
[6812:28116:0602/225311.946:VERBOSE1:media_stream_manager.cc(1533)] MSPL::OnSpeedLimitChange({this=000062C40012ED40}, {new_limit=27})
[6812:28116:0602/225317.916:VERBOSE1:media_stream_manager.cc(1533)] MSPL::OnSpeedLimitChange({this=000062C40012ED40}, {new_limit=26})
[6812:28116:0602/225322.915:VERBOSE1:media_stream_manager.cc(1533)] MSPL::OnSpeedLimitChange({this=000062C40012ED40}, {new_limit=27})
[6812:28116:0602/225334.894:VERBOSE1:media_stream_manager.cc(1533)] MSPL::OnSpeedLimitChange({this=000062C40012ED40}, {new_limit=26})
[6812:28116:0602/225335.912:VERBOSE1:media_stream_manager.cc(1533)] MSPL::OnSpeedLimitChange({this=000062C40012ED40}, {new_limit=27})
[6812:28116:0602/225343.918:VERBOSE1:media_stream_manager.cc(1533)] MSPL::OnSpeedLimitChange({this=000062C40012ED40}, {new_limit=26})
[6812:28116:0602/225347.890:VERBOSE1:media_stream_manager.cc(1533)] MSPL::OnSpeedLimitChange({this=000062C40012ED40}, {new_limit=25})
[6812:28116:0602/225354.907:VERBOSE1:media_stream_manager.cc(1533)] MSPL::OnSpeedLimitChange({this=000062C40012ED40}, {new_limit=26})
[6812:28116:0602/225358.898:VERBOSE1:media_stream_manager.cc(1533)] MSPL::OnSpeedLimitChange({this=000062C40012ED40}, {new_limit=27})
[6812:28116:0602/225402.893:VERBOSE1:media_stream_manager.cc(1533)] MSPL::OnSpeedLimitChange({this=000062C40012ED40}, {new_limit=26})
[6812:28116:0602/225403.899:VERBOSE1:media_stream_manager.cc(1533)] MSPL::OnSpeedLimitChange({this=000062C40012ED40}, {new_limit=27})
[6812:28116:0602/225405.900:VERBOSE1:media_stream_manager.cc(1533)] MSPL::OnSpeedLimitChange({this=000062C40012ED40}, {new_limit=26})
[6812:28116:0602/225415.900:VERBOSE1:media_stream_manager.cc(1533)] MSPL::OnSpeedLimitChange({this=000062C40012ED40}, {new_limit=27})
[6812:31584:0602/225427.360:VERBOSE1:device_event_log_impl.cc(198)] [22:54:27.360] Display: EVENT: screen_win.cc:893 Displays updated, count: 1
[6812:31584:0602/225427.360:VERBOSE1:device_event_log_impl.cc(198)] [22:54:27.360] Display: EVENT: screen_win.cc:895 Display[974124475] bounds=[0,0 1536x864], workarea=[0,0 1536x816], scale=1.25, rotation=0, panel_rotation=0 external detected
[6812:31584:0602/225429.198:VERBOSE1:device_event_log_impl.cc(198)] [22:54:29.198] Display: EVENT: screen_win.cc:893 Displays updated, count: 1
[6812:31584:0602/225429.198:VERBOSE1:device_event_log_impl.cc(198)] [22:54:29.198] Display: EVENT: screen_win.cc:895 Display[974124475] bounds=[0,0 1536x864], workarea=[0,0 1536x816], scale=1.25, rotation=0, panel_rotation=0 external detected
[6812:31584:0602/225430.274:VERBOSE1:device_event_log_impl.cc(198)] [22:54:30.274] Display: EVENT: screen_win.cc:893 Displays updated, count: 1
[6812:31584:0602/225430.274:VERBOSE1:device_event_log_impl.cc(198)] [22:54:30.274] Display: EVENT: screen_win.cc:895 Display[974124475] bounds=[0,0 1536x864], workarea=[0,0 1536x816], scale=1.25, rotation=0, panel_rotation=0 external detected
[6812:28116:0602/225430.831:VERBOSE1:media_stream_manager.cc(1533)] MSPL::OnSpeedLimitChange({this=000062C40012ED40}, {new_limit=26})
[6812:28116:0602/225431.842:VERBOSE1:media_stream_manager.cc(1533)] MSPL::OnSpeedLimitChange({this=000062C40012ED40}, {new_limit=25})
[6812:28116:0602/225432.866:VERBOSE1:media_stream_manager.cc(1533)] MSPL::OnSpeedLimitChange({this=000062C40012ED40}, {new_limit=24})
[6812:31584:0602/225434.596:VERBOSE1:device_event_log_impl.cc(198)] [22:54:34.596] Display: EVENT: screen_win.cc:893 Displays updated, count: 1
[6812:31584:0602/225434.596:VERBOSE1:device_event_log_impl.cc(198)] [22:54:34.596] Display: EVENT: screen_win.cc:895 Display[974124475] bounds=[0,0 1536x864], workarea=[0,0 1536x816], scale=1.25, rotation=0, panel_rotation=0 external detected
[6812:28116:0602/225435.869:VERBOSE1:media_stream_manager.cc(1533)] MSPL::OnSpeedLimitChange({this=000062C40012ED40}, {new_limit=23})
[6812:28116:0602/225436.807:VERBOSE1:media_stream_manager.cc(1533)] MSPL::OnSpeedLimitChange({this=000062C40012ED40}, {new_limit=22})
[6812:28116:0602/225438.821:VERBOSE1:media_stream_manager.cc(1533)] MSPL::OnSpeedLimitChange({this=000062C40012ED40}, {new_limit=21})
[6812:28116:0602/225439.913:VERBOSE1:media_stream_manager.cc(1533)] MSPL::OnSpeedLimitChange({this=000062C40012ED40}, {new_limit=20})
[6812:28116:0602/225440.912:VERBOSE1:media_stream_manager.cc(1533)] MSPL::OnSpeedLimitChange({this=000062C40012ED40}, {new_limit=21})
[6812:28116:0602/225441.937:VERBOSE1:media_stream_manager.cc(1533)] MSPL::OnSpeedLimitChange({this=000062C40012ED40}, {new_limit=22})
[6812:31584:0602/225444.959:VERBOSE1:device_event_log_impl.cc(198)] [22:54:44.959] Display: EVENT: screen_win.cc:893 Displays updated, count: 1
[6812:31584:0602/225444.959:VERBOSE1:device_event_log_impl.cc(198)] [22:54:44.959] Display: EVENT: screen_win.cc:895 Display[974124475] bounds=[0,0 1536x864], workarea=[0,0 1536x816], scale=1.25, rotation=0, panel_rotation=0 external detected
[6812:28116:0602/225445.874:VERBOSE1:media_stream_manager.cc(1533)] MSPL::OnSpeedLimitChange({this=000062C40012ED40}, {new_limit=23})
[6812:28116:0602/225446.852:VERBOSE1:media_stream_manager.cc(1533)] MSPL::OnSpeedLimitChange({this=000062C40012ED40}, {new_limit=22})
[9028:13340:0602/225447.151:VERBOSE1:network_delegate.cc(36)] NetworkDelegate::NotifyBeforeURLRequest: https://optimizationguide-pa.googleapis.com/v1:GetModels?key=dummytoken
[9028:13340:0602/225447.170:VERBOSE1:tls_handshaker.cc(105)] TlsClient: Continuing handshake
[9028:13340:0602/225447.171:VERBOSE1:tls_handshaker.cc(126)] TlsClient: SSL_do_handshake returned when entering early data. After retry, rv=-1, SSL_in_early_data=1
[9028:13340:0602/225447.211:VERBOSE1:tls_handshaker.cc(105)] TlsClient: Continuing handshake
[9028:13340:0602/225447.211:VERBOSE1:tls_handshaker.cc(105)] TlsClient: Continuing handshake
[9028:13340:0602/225447.211:VERBOSE1:tls_client_handshaker.cc(528)] Client: handshake finished
[6812:28116:0602/225447.871:VERBOSE1:media_stream_manager.cc(1533)] MSPL::OnSpeedLimitChange({this=000062C40012ED40}, {new_limit=23})
[6812:28116:0602/225449.900:VERBOSE1:media_stream_manager.cc(1533)] MSPL::OnSpeedLimitChange({this=000062C40012ED40}, {new_limit=24})
[6812:28116:0602/225450.831:VERBOSE1:media_stream_manager.cc(1533)] MSPL::OnSpeedLimitChange({this=000062C40012ED40}, {new_limit=23})
[6812:28116:0602/225451.925:VERBOSE1:media_stream_manager.cc(1533)] MSPL::OnSpeedLimitChange({this=000062C40012ED40}, {new_limit=22})
[6812:31584:0602/225452.578:VERBOSE1:device_event_log_impl.cc(198)] [22:54:52.578] Display: EVENT: screen_win.cc:893 Displays updated, count: 1
[6812:31584:0602/225452.578:VERBOSE1:device_event_log_impl.cc(198)] [22:54:52.578] Display: EVENT: screen_win.cc:895 Display[974124475] bounds=[0,0 1536x864], workarea=[0,0 1536x816], scale=1.25, rotation=0, panel_rotation=0 external detected
[6812:28116:0602/225454.858:VERBOSE1:media_stream_manager.cc(1533)] MSPL::OnSpeedLimitChange({this=000062C40012ED40}, {new_limit=21})
[6812:28116:0602/225455.851:VERBOSE1:media_stream_manager.cc(1533)] MSPL::OnSpeedLimitChange({this=000062C40012ED40}, {new_limit=22})
[6812:28116:0602/225456.865:VERBOSE1:media_stream_manager.cc(1533)] MSPL::OnSpeedLimitChange({this=000062C40012ED40}, {new_limit=23})
[6812:28116:0602/225459.836:VERBOSE1:media_stream_manager.cc(1533)] MSPL::OnSpeedLimitChange({this=000062C40012ED40}, {new_limit=24})
[6812:28116:0602/225501.171:VERBOSE1:media_stream_manager.cc(1533)] MSPL::OnSpeedLimitChange({this=000062C40012ED40}, {new_limit=25})
[6812:31584:0602/225501.948:VERBOSE1:device_event_log_impl.cc(198)] [22:55:01.947] Display: EVENT: screen_win.cc:893 Displays updated, count: 1
[6812:31584:0602/225501.948:VERBOSE1:device_event_log_impl.cc(198)] [22:55:01.947] Display: EVENT: screen_win.cc:895 Display[974124475] bounds=[0,0 1536x864], workarea=[0,0 1536x816], scale=1.25, rotation=0, panel_rotation=0 external detected
[6812:28116:0602/225503.851:VERBOSE1:media_stream_manager.cc(1533)] MSPL::OnSpeedLimitChange({this=000062C40012ED40}, {new_limit=24})
[6812:28116:0602/225506.857:VERBOSE1:media_stream_manager.cc(1533)] MSPL::OnSpeedLimitChange({this=000062C40012ED40}, {new_limit=23})
[6812:28116:0602/225508.848:VERBOSE1:media_stream_manager.cc(1533)] MSPL::OnSpeedLimitChange({this=000062C40012ED40}, {new_limit=22})
[6812:28116:0602/225510.845:VERBOSE1:media_stream_manager.cc(1533)] MSPL::OnSpeedLimitChange({this=000062C40012ED40}, {new_limit=21})
[6812:28116:0602/225518.938:VERBOSE1:media_stream_manager.cc(1533)] MSPL::OnSpeedLimitChange({this=000062C40012ED40}, {new_limit=22})
[6812:28116:0602/225519.895:VERBOSE1:media_stream_manager.cc(1533)] MSPL::OnSpeedLimitChange({this=000062C40012ED40}, {new_limit=21})
[6812:28116:0602/225524.850:VERBOSE1:media_stream_manager.cc(1533)] MSPL::OnSpeedLimitChange({this=000062C40012ED40}, {new_limit=20})
[6812:28116:0602/225525.922:VERBOSE1:media_stream_manager.cc(1533)] MSPL::OnSpeedLimitChange({this=000062C40012ED40}, {new_limit=21})
[6812:28116:0602/225526.872:VERBOSE1:media_stream_manager.cc(1533)] MSPL::OnSpeedLimitChange({this=000062C40012ED40}, {new_limit=20})
[6812:28116:0602/225533.916:VERBOSE1:media_stream_manager.cc(1533)] MSPL::OnSpeedLimitChange({this=000062C40012ED40}, {new_limit=19})
[6812:28116:0602/225538.378:VERBOSE1:media_stream_manager.cc(1533)] MSPL::OnSpeedLimitChange({this=000062C40012ED40}, {new_limit=20})
[6812:28116:0602/225538.378:VERBOSE1:media_stream_manager.cc(1533)] MSPL::OnSpeedLimitChange({this=000062C40012ED40}, {new_limit=21})
[6812:28116:0602/225538.868:VERBOSE1:media_stream_manager.cc(1533)] MSPL::OnSpeedLimitChange({this=000062C40012ED40}, {new_limit=22})
[6812:28116:0602/225539.959:VERBOSE1:media_stream_manager.cc(1533)] MSPL::OnSpeedLimitChange({this=000062C40012ED40}, {new_limit=21})
[6812:28116:0602/225540.881:VERBOSE1:media_stream_manager.cc(1533)] MSPL::OnSpeedLimitChange({this=000062C40012ED40}, {new_limit=22})
[6812:28116:0602/225544.915:VERBOSE1:media_stream_manager.cc(1533)] MSPL::OnSpeedLimitChange({this=000062C40012ED40}, {new_limit=23})
[6812:28116:0602/225545.936:VERBOSE1:media_stream_manager.cc(1533)] MSPL::OnSpeedLimitChange({this=000062C40012ED40}, {new_limit=22})
[6812:28116:0602/225546.956:VERBOSE1:media_stream_manager.cc(1533)] MSPL::OnSpeedLimitChange({this=000062C40012ED40}, {new_limit=21})
[6812:28116:0602/225548.930:VERBOSE1:media_stream_manager.cc(1533)] MSPL::OnSpeedLimitChange({this=000062C40012ED40}, {new_limit=20})
[6812:28116:0602/225552.002:VERBOSE1:media_stream_manager.cc(1533)] MSPL::OnSpeedLimitChange({this=000062C40012ED40}, {new_limit=21})
[6812:31584:0602/225552.396:VERBOSE1:device_event_log_impl.cc(198)] [22:55:52.396] Display: EVENT: screen_win.cc:893 Displays updated, count: 1
[6812:31584:0602/225552.396:VERBOSE1:device_event_log_impl.cc(198)] [22:55:52.396] Display: EVENT: screen_win.cc:895 Display[974124475] bounds=[0,0 1536x864], workarea=[0,0 1536x816], scale=1.25, rotation=0, panel_rotation=0 external detected
[6812:28116:0602/225553.923:VERBOSE1:media_stream_manager.cc(1533)] MSPL::OnSpeedLimitChange({this=000062C40012ED40}, {new_limit=20})
[6812:28116:0602/225559.009:VERBOSE1:media_stream_manager.cc(1533)] MSPL::OnSpeedLimitChange({this=000062C40012ED40}, {new_limit=21})
[6812:28116:0602/225603.106:VERBOSE1:media_stream_manager.cc(1533)] MSPL::OnSpeedLimitChange({this=000062C40012ED40}, {new_limit=22})
[6812:28116:0602/225604.002:VERBOSE1:media_stream_manager.cc(1533)] MSPL::OnSpeedLimitChange({this=000062C40012ED40}, {new_limit=21})
[6812:28116:0602/225605.013:VERBOSE1:media_stream_manager.cc(1533)] MSPL::OnSpeedLimitChange({this=000062C40012ED40}, {new_limit=22})
[6812:28116:0602/225606.064:VERBOSE1:media_stream_manager.cc(1533)] MSPL::OnSpeedLimitChange({this=000062C40012ED40}, {new_limit=23})
[6812:28116:0602/225611.844:VERBOSE1:media_stream_manager.cc(1533)] MSPL::OnSpeedLimitChange({this=000062C40012ED40}, {new_limit=24})
